DATAFLOW,LAST UPDATE,freq,unit,na_item,geo,TIME_PERIOD,OBS_VALUE,OBS_FLAG
ESTAT:NAMA_10_GDP(1.0),01/09/23 11:00:00,A,CP_MEUR,B1GQ,AL,2001,4385.8,
ESTAT:NAMA_10_GDP(1.0),01/09/23 11:00:00,A,CP_MEUR,B1GQ,AL,2002,4612.4,
ESTAT:NAMA_10_GDP(1.0),01/09/23 11:00:00,A,CP_MEUR,B1GQ,AL,2003,4928.6,
ESTAT:NAMA_10_GDP(1.0),01/09/23 11:00:00,A,CP_MEUR,B1GQ,AL,2004,5777.8,
ESTAT:NAMA_10_GDP(1.0),01/09/23 11:00:00,A,CP_MEUR,B1GQ,AL,2005,6475.3,
ESTAT:NAMA_10_GDP(1.0),01/09/23 11:00:00,A,CP_MEUR,B1GQ,AL,2006,7090.8,
ESTAT:NAMA_10_GDP(1.0),01/09/23 11:00:00,A,CP_MEUR,B1GQ,AL,2007,7809.8,
ESTAT:NAMA_10_GDP(1.0),01/09/23 11:00:00,A,CP_MEUR,B1GQ,AL,2008,8800.3,
ESTAT:NAMA_10_GDP(1.0),01/09/23 11:00:00,A,CP_MEUR,B1GQ,AL,2009,8662.2,
ESTAT:NAMA_10_GDP(1.0),01/09/23 11:00:00,A,CP_MEUR,B1GQ,AL,2010,8996.6,
ESTAT:NAMA_10_GDP(1.0),01/09/23 11:00:00,A,CP_MEUR,B1GQ,AL,2011,9268.3,
ESTAT:NAMA_10_GDP(1.0),01/09/23 11:00:00,A,CP_MEUR,B1GQ,AL,2012,9585.8,
ESTAT:NAMA_10_GDP(1.0),01/09/23 11:00:00,A,CP_MEUR,B1GQ,AL,2013,9625.4,
ESTAT:NAMA_10_GDP(1.0),01/09/23 11:00:00,A,CP_MEUR,B1GQ,AL,2014,9968.6,
ESTAT:NAMA_10_GDP(1.0),01/09/23 11:00:00,A,CP_MEUR,B1GQ,AL,2015,10264.1,
ESTAT:NAMA_10_GDP(1.0),01/09/23 11:00:00,A,CP_MEUR,B1GQ,AL,2016,10719.9,
ESTAT:NAMA_10_GDP(1.0),01/09/23 11:00:00,A,CP_MEUR,B1GQ,AL,2017,11559.0,
ESTAT:NAMA_10_GDP(1.0),01/09/23 11:00:00,A,CP_MEUR,B1GQ,AL,2018,12828.1,
ESTAT:NAMA_10_GDP(1.0),01/09/23 11:00:00,A,CP_MEUR,B1GQ,AL,2019,13754.2,
ESTAT:NAMA_10_GDP(1.0),01/09/23 11:00:00,A,CP_MEUR,B1GQ,AL,2020,13310.4,
ESTAT:NAMA_10_GDP(1.0),01/09/23 11:00:00,A,CP_MEUR,B1GQ,AL,2021,15157.4,p
ESTAT:NAMA_10_GDP(1.0),01/09/23 11:00:00,A,CP_MEUR,B1GQ,AL,2022,17939.7,e
ESTAT:NAMA_10_GDP(1.0),01/09/23 11:00:00,A,CP_MEUR,B1GQ,AT,2001,220525.1,
ESTAT:NAMA_10_GDP(1.0),01/09/23 11:00:00,A,CP_MEUR,B1GQ,AT,2002,226735.2,
ESTAT:NAMA_10_GDP(1.0),01/09/23 11:00:00,A,CP_MEUR,B1GQ,AT,2003,231862.5,
ESTAT:NAMA_10_GDP(1.0),01/09/23 11:00:00,A,CP_MEUR,B1GQ,AT,2004,242348.3,
ESTAT:NAMA_10_GDP(1.0),01/09/23 11:00:00,A,CP_MEUR,B1GQ,AT,2005,254075.0,
ESTAT:NAMA_10_GDP(1.0),01/09/23 11:00:00,A,CP_MEUR,B1GQ,AT,2006,267824.5,
ESTAT:NAMA_10_GDP(1.0),01/09/23 11:00:00,A,CP_MEUR,B1GQ,AT,2007,283978.0,
ESTAT:NAMA_10_GDP(1.0),01/09/23 11:00:00,A,CP_MEUR,B1GQ,AT,2008,293761.9,
ESTAT:NAMA_10_GDP(1.0),01/09/23 11:00:00,A,CP_MEUR,B1GQ,AT,2009,288044.0,
ESTAT:NAMA_10_GDP(1.0),01/09/23 11:00:00,A,CP_MEUR,B1GQ,AT,2010,295896.6,
ESTAT:NAMA_10_GDP(1.0),01/09/23 11:00:00,A,CP_MEUR,B1GQ,AT,2011,310128.7,
ESTAT:NAMA_10_GDP(1.0),01/09/23 11:00:00,A,CP_MEUR,B1GQ,AT,2012,318653.0,
ESTAT:NAMA_10_GDP(1.0),01/09/23 11:00:00,A,CP_MEUR,B1GQ,AT,2013,323910.2,
ESTAT:NAMA_10_GDP(1.0),01/09/23 11:00:00,A,CP_MEUR,B1GQ,AT,2014,333146.1,
ESTAT:NAMA_10_GDP(1.0),01/09/23 11:00:00,A,CP_MEUR,B1GQ,AT,2015,344269.2,
ESTAT:NAMA_10_GDP(1.0),01/09/23 11:00:00,A,CP_MEUR,B1GQ,AT,2016,357608.0,
ESTAT:NAMA_10_GDP(1.0),01/09/23 11:00:00,A,CP_MEUR,B1GQ,AT,2017,369361.9,
ESTAT:NAMA_10_GDP(1.0),01/09/23 11:00:00,A,CP_MEUR,B1GQ,AT,2018,385274.1,
ESTAT:NAMA_10_GDP(1.0),01/09/23 11:00:00,A,CP_MEUR,B1GQ,AT,2019,397169.5,
ESTAT:NAMA_10_GDP(1.0),01/09/23 11:00:00,A,CP_MEUR,B1GQ,AT,2020,381042.5,
ESTAT:NAMA_10_GDP(1.0),01/09/23 11:00:00,A,CP_MEUR,B1GQ,AT,2021,406148.7,
ESTAT:NAMA_10_GDP(1.0),01/09/23 11:00:00,A,CP_MEUR,B1GQ,AT,2022,447061.9,
ESTAT:NAMA_10_GDP(1.0),01/09/23 11:00:00,A,CP_MEUR,B1GQ,BA,2001,6482.2,
ESTAT:NAMA_10_GDP(1.0),01/09/23 11:00:00,A,CP_MEUR,B1GQ,BA,2002,7149.1,
ESTAT:NAMA_10_GDP(1.0),01/09/23 11:00:00,A,CP_MEUR,B1GQ,BA,2003,7530.3,
ESTAT:NAMA_10_GDP(1.0),01/09/23 11:00:00,A,CP_MEUR,B1GQ,BA,2004,8179.7,
ESTAT:NAMA_10_GDP(1.0),01/09/23 11:00:00,A,CP_MEUR,B1GQ,BA,2005,9024.5,
ESTAT:NAMA_10_GDP(1.0),01/09/23 11:00:00,A,CP_MEUR,B1GQ,BA,2006,10255.1,
ESTAT:NAMA_10_GDP(1.0),01/09/23 11:00:00,A,CP_MEUR,B1GQ,BA,2007,11528.5,
ESTAT:NAMA_10_GDP(1.0),01/09/23 11:00:00,A,CP_MEUR,B1GQ,BA,2008,13047.8,
ESTAT:NAMA_10_GDP(1.0),01/09/23 11:00:00,A,CP_MEUR,B1GQ,BA,2009,12679.3,
ESTAT:NAMA_10_GDP(1.0),01/09/23 11:00:00,A,CP_MEUR,B1GQ,BA,2010,12968.9,
ESTAT:NAMA_10_GDP(1.0),01/09/23 11:00:00,A,CP_MEUR,B1GQ,BA,2011,13411.8,
ESTAT:NAMA_10_GDP(1.0),01/09/23 11:00:00,A,CP_MEUR,B1GQ,BA,2012,13407.5,
ESTAT:NAMA_10_GDP(1.0),01/09/23 11:00:00,A,CP_MEUR,B1GQ,BA,2013,13691.8,
ESTAT:NAMA_10_GDP(1.0),01/09/23 11:00:00,A,CP_MEUR,B1GQ,BA,2014,13988.3,
ESTAT:NAMA_10_GDP(1.0),01/09/23 11:00:00,A,CP_MEUR,B1GQ,BA,2015,14791.1,
ESTAT:NAMA_10_GDP(1.0),01/09/23 11:00:00,A,CP_MEUR,B1GQ,BA,2016,15474.3,
ESTAT:NAMA_10_GDP(1.0),01/09/23 11:00:00,A,CP_MEUR,B1GQ,BA,2017,16260.5,
ESTAT:NAMA_10_GDP(1.0),01/09/23 11:00:00,A,CP_MEUR,B1GQ,BA,2018,17354.2,
ESTAT:NAMA_10_GDP(1.0),01/09/23 11:00:00,A,CP_MEUR,B1GQ,BA,2019,18296.5,
ESTAT:NAMA_10_GDP(1.0),01/09/23 11:00:00,A,CP_MEUR,B1GQ,BA,2020,17755.9,
ESTAT:NAMA_10_GDP(1.0),01/09/23 11:00:00,A,CP_MEUR,B1GQ,BA,2021,19995.1,
ESTAT:NAMA_10_GDP(1.0),01/09/23 11:00:00,A,CP_MEUR,B1GQ,BA,2022,23317.3,
ESTAT:NAMA_10_GDP(1.0),01/09/23 11:00:00,A,CP_MEUR,B1GQ,BE,2001,264334.9,
ESTAT:NAMA_10_GDP(1.0),01/09/23 11:00:00,A,CP_MEUR,B1GQ,BE,2002,273255.9,
ESTAT:NAMA_10_GDP(1.0),01/09/23 11:00:00,A,CP_MEUR,B1GQ,BE,2003,281200.2,
ESTAT:NAMA_10_GDP(1.0),01/09/23 11:00:00,A,CP_MEUR,B1GQ,BE,2004,296819.7,
ESTAT:NAMA_10_GDP(1.0),01/09/23 11:00:00,A,CP_MEUR,B1GQ,BE,2005,310037.6,
ESTAT:NAMA_10_GDP(1.0),01/09/23 11:00:00,A,CP_MEUR,B1GQ,BE,2006,325151.5,
ESTAT:NAMA_10_GDP(1.0),01/09/23 11:00:00,A,CP_MEUR,B1GQ,BE,2007,343618.9,
ESTAT:NAMA_10_GDP(1.0),01/09/23 11:00:00,A,CP_MEUR,B1GQ,BE,2008,351743.1,
ESTAT:NAMA_10_GDP(1.0),01/09/23 11:00:00,A,CP_MEUR,B1GQ,BE,2009,346472.8,
ESTAT:NAMA_10_GDP(1.0),01/09/23 11:00:00,A,CP_MEUR,B1GQ,BE,2010,363140.1,
ESTAT:NAMA_10_GDP(1.0),01/09/23 11:00:00,A,CP_MEUR,B1GQ,BE,2011,375967.8,
ESTAT:NAMA_10_GDP(1.0),01/09/23 11:00:00,A,CP_MEUR,B1GQ,BE,2012,386174.7,
ESTAT:NAMA_10_GDP(1.0),01/09/23 11:00:00,A,CP_MEUR,B1GQ,BE,2013,392880.0,
ESTAT:NAMA_10_GDP(1.0),01/09/23 11:00:00,A,CP_MEUR,B1GQ,BE,2014,403003.3,
ESTAT:NAMA_10_GDP(1.0),01/09/23 11:00:00,A,CP_MEUR,B1GQ,BE,2015,416701.4,
ESTAT:NAMA_10_GDP(1.0),01/09/23 11:00:00,A,CP_MEUR,B1GQ,BE,2016,430085.3,
ESTAT:NAMA_10_GDP(1.0),01/09/23 11:00:00,A,CP_MEUR,B1GQ,BE,2017,445050.1,
ESTAT:NAMA_10_GDP(1.0),01/09/23 11:00:00,A,CP_MEUR,B1GQ,BE,2018,460050.8,
ESTAT:NAMA_10_GDP(1.0),01/09/23 11:00:00,A,CP_MEUR,B1GQ,BE,2019,478676.1,
ESTAT:NAMA_10_GDP(1.0),01/09/23 11:00:00,A,CP_MEUR,B1GQ,BE,2020,459827.4,p
ESTAT:NAMA_10_GDP(1.0),01/09/23 11:00:00,A,CP_MEUR,B1GQ,BE,2021,502521.1,p
ESTAT:NAMA_10_GDP(1.0),01/09/23 11:00:00,A,CP_MEUR,B1GQ,BE,2022,549456.2,p
ESTAT:NAMA_10_GDP(1.0),01/09/23 11:00:00,A,CP_MEUR,B1GQ,BG,2001,15905.3,
ESTAT:NAMA_10_GDP(1.0),01/09/23 11:00:00,A,CP_MEUR,B1GQ,BG,2002,17478.3,
ESTAT:NAMA_10_GDP(1.0),01/09/23 11:00:00,A,CP_MEUR,B1GQ,BG,2003,18798.3,
ESTAT:NAMA_10_GDP(1.0),01/09/23 11:00:00,A,CP_MEUR,B1GQ,BG,2004,21093.2,
ESTAT:NAMA_10_GDP(1.0),01/09/23 11:00:00,A,CP_MEUR,B1GQ,BG,2005,24039.9,
ESTAT:NAMA_10_GDP(1.0),01/09/23 11:00:00,A,CP_MEUR,B1GQ,BG,2006,27410.0,
ESTAT:NAMA_10_GDP(1.0),01/09/23 11:00:00,A,CP_MEUR,B1GQ,BG,2007,32464.7,
ESTAT:NAMA_10_GDP(1.0),01/09/23 11:00:00,A,CP_MEUR,B1GQ,BG,2008,37246.7,
ESTAT:NAMA_10_GDP(1.0),01/09/23 11:00:00,A,CP_MEUR,B1GQ,BG,2009,37417.7,
ESTAT:NAMA_10_GDP(1.0),01/09/23 11:00:00,A,CP_MEUR,B1GQ,BG,2010,38284.9,
ESTAT:NAMA_10_GDP(1.0),01/09/23 11:00:00,A,CP_MEUR,B1GQ,BG,2011,41478.9,
ESTAT:NAMA_10_GDP(1.0),01/09/23 11:00:00,A,CP_MEUR,B1GQ,BG,2012,42256.8,
ESTAT:NAMA_10_GDP(1.0),01/09/23 11:00:00,A,CP_MEUR,B1GQ,BG,2013,42050.2,
ESTAT:NAMA_10_GDP(1.0),01/09/23 11:00:00,A,CP_MEUR,B1GQ,BG,2014,43026.0,
ESTAT:NAMA_10_GDP(1.0),01/09/23 11:00:00,A,CP_MEUR,B1GQ,BG,2015,45812.3,
ESTAT:NAMA_10_GDP(1.0),01/09/23 11:00:00,A,CP_MEUR,B1GQ,BG,2016,48773.1,
ESTAT:NAMA_10_GDP(1.0),01/09/23 11:00:00,A,CP_MEUR,B1GQ,BG,2017,52531.3,
ESTAT:NAMA_10_GDP(1.0),01/09/23 11:00:00,A,CP_MEUR,B1GQ,BG,2018,56224.8,
ESTAT:NAMA_10_GDP(1.0),01/09/23 11:00:00,A,CP_MEUR,B1GQ,BG,2019,61558.5,
ESTAT:NAMA_10_GDP(1.0),01/09/23 11:00:00,A,CP_MEUR,B1GQ,BG,2020,61638.9,
ESTAT:NAMA_10_GDP(1.0),01/09/23 11:00:00,A,CP_MEUR,B1GQ,BG,2021,71077.0,
ESTAT:NAMA_10_GDP(1.0),01/09/23 11:00:00,A,CP_MEUR,B1GQ,BG,2022,84560.6,p
ESTAT:NAMA_10_GDP(1.0),01/09/23 11:00:00,A,CP_MEUR,B1GQ,CH,2001,320183.3,
ESTAT:NAMA_10_GDP(1.0),01/09/23 11:00:00,A,CP_MEUR,B1GQ,CH,2002,328614.3,
ESTAT:NAMA_10_GDP(1.0),01/09/23 11:00:00,A,CP_MEUR,B1GQ,CH,2003,320540.7,
ESTAT:NAMA_10_GDP(1.0),01/09/23 11:00:00,A,CP_MEUR,B1GQ,CH,2004,325343.7,
ESTAT:NAMA_10_GDP(1.0),01/09/23 11:00:00,A,CP_MEUR,B1GQ,CH,2005,336400.1,
ESTAT:NAMA_10_GDP(1.0),01/09/23 11:00:00,A,CP_MEUR,B1GQ,CH,2006,352038.6,
ESTAT:NAMA_10_GDP(1.0),01/09/23 11:00:00,A,CP_MEUR,B1GQ,CH,2007,358607.9,
ESTAT:NAMA_10_GDP(1.0),01/09/23 11:00:00,A,CP_MEUR,B1GQ,CH,2008,387052.9,
ESTAT:NAMA_10_GDP(1.0),01/09/23 11:00:00,A,CP_MEUR,B1GQ,CH,2009,399363.6,
ESTAT:NAMA_10_GDP(1.0),01/09/23 11:00:00,A,CP_MEUR,B1GQ,CH,2010,452470.6,
ESTAT:NAMA_10_GDP(1.0),01/09/23 11:00:00,A,CP_MEUR,B1GQ,CH,2011,515770.5,
ESTAT:NAMA_10_GDP(1.0),01/09/23 11:00:00,A,CP_MEUR,B1GQ,CH,2012,534012.8,
ESTAT:NAMA_10_GDP(1.0),01/09/23 11:00:00,A,CP_MEUR,B1GQ,CH,2013,531729.1,
ESTAT:NAMA_10_GDP(1.0),01/09/23 11:00:00,A,CP_MEUR,B1GQ,CH,2014,548014.5,
ESTAT:NAMA_10_GDP(1.0),01/09/23 11:00:00,A,CP_MEUR,B1GQ,CH,2015,625532.7,
ESTAT:NAMA_10_GDP(1.0),01/09/23 11:00:00,A,CP_MEUR,B1GQ,CH,2016,621765.1,
ESTAT:NAMA_10_GDP(1.0),01/09/23 11:00:00,A,CP_MEUR,B1GQ,CH,2017,615776.3,
ESTAT:NAMA_10_GDP(1.0),01/09/23 11:00:00,A,CP_MEUR,B1GQ,CH,2018,614304.4,
ESTAT:NAMA_10_GDP(1.0),01/09/23 11:00:00,A,CP_MEUR,B1GQ,CH,2019,644443.2,
ESTAT:NAMA_10_GDP(1.0),01/09/23 11:00:00,A,CP_MEUR,B1GQ,CH,2020,648913.3,
ESTAT:NAMA_10_GDP(1.0),01/09/23 11:00:00,A,CP_MEUR,B1GQ,CH,2021,676775.2,e
ESTAT:NAMA_10_GDP(1.0),01/09/23 11:00:00,A,CP_MEUR,B1GQ,CH,2022,767616.2,e
ESTAT:NAMA_10_GDP(1.0),01/09/23 11:00:00,A,CP_MEUR,B1GQ,CY,2001,11602.9,
ESTAT:NAMA_10_GDP(1.0),01/09/23 11:00:00,A,CP_MEUR,B1GQ,CY,2002,12082.9,
ESTAT:NAMA_10_GDP(1.0),01/09/23 11:00:00,A,CP_MEUR,B1GQ,CY,2003,12871.3,
ESTAT:NAMA_10_GDP(1.0),01/09/23 11:00:00,A,CP_MEUR,B1GQ,CY,2004,13938.0,
ESTAT:NAMA_10_GDP(1.0),01/09/23 11:00:00,A,CP_MEUR,B1GQ,CY,2005,15039.3,
ESTAT:NAMA_10_GDP(1.0),01/09/23 11:00:00,A,CP_MEUR,B1GQ,CY,2006,16263.8,
ESTAT:NAMA_10_GDP(1.0),01/09/23 11:00:00,A,CP_MEUR,B1GQ,CY,2007,17591.0,
ESTAT:NAMA_10_GDP(1.0),01/09/23 11:00:00,A,CP_MEUR,B1GQ,CY,2008,19009.6,
ESTAT:NAMA_10_GDP(1.0),01/09/23 11:00:00,A,CP_MEUR,B1GQ,CY,2009,18675.5,
ESTAT:NAMA_10_GDP(1.0),01/09/23 11:00:00,A,CP_MEUR,B1GQ,CY,2010,19461.1,
ESTAT:NAMA_10_GDP(1.0),01/09/23 11:00:00,A,CP_MEUR,B1GQ,CY,2011,19858.1,
ESTAT:NAMA_10_GDP(1.0),01/09/23 11:00:00,A,CP_MEUR,B1GQ,CY,2012,19495.4,
ESTAT:NAMA_10_GDP(1.0),01/09/23 11:00:00,A,CP_MEUR,B1GQ,CY,2013,18040.3,
ESTAT:NAMA_10_GDP(1.0),01/09/23 11:00:00,A,CP_MEUR,B1GQ,CY,2014,17482.8,
ESTAT:NAMA_10_GDP(1.0),01/09/23 11:00:00,A,CP_MEUR,B1GQ,CY,2015,17944.2,
ESTAT:NAMA_10_GDP(1.0),01/09/23 11:00:00,A,CP_MEUR,B1GQ,CY,2016,19013.8,
ESTAT:NAMA_10_GDP(1.0),01/09/23 11:00:00,A,CP_MEUR,B1GQ,CY,2017,20312.4,
ESTAT:NAMA_10_GDP(1.0),01/09/23 11:00:00,A,CP_MEUR,B1GQ,CY,2018,21674.0,
ESTAT:NAMA_10_GDP(1.0),01/09/23 11:00:00,A,CP_MEUR,B1GQ,CY,2019,23176.5,
ESTAT:NAMA_10_GDP(1.0),01/09/23 11:00:00,A,CP_MEUR,B1GQ,CY,2020,21896.5,
ESTAT:NAMA_10_GDP(1.0),01/09/23 11:00:00,A,CP_MEUR,B1GQ,CY,2021,24019.0,
ESTAT:NAMA_10_GDP(1.0),01/09/23 11:00:00,A,CP_MEUR,B1GQ,CY,2022,27006.4,p
ESTAT:NAMA_10_GDP(1.0),01/09/23 11:00:00,A,CP_MEUR,B1GQ,CZ,2001,75705.2,
ESTAT:NAMA_10_GDP(1.0),01/09/23 11:00:00,A,CP_MEUR,B1GQ,CZ,2002,87358.2,
ESTAT:NAMA_10_GDP(1.0),01/09/23 11:00:00,A,CP_MEUR,B1GQ,CZ,2003,88659.5,
ESTAT:NAMA_10_GDP(1.0),01/09/23 11:00:00,A,CP_MEUR,B1GQ,CZ,2004,96554.1,
ESTAT:NAMA_10_GDP(1.0),01/09/23 11:00:00,A,CP_MEUR,B1GQ,CZ,2005,110321.7,
ESTAT:NAMA_10_GDP(1.0),01/09/23 11:00:00,A,CP_MEUR,B1GQ,CZ,2006,124581.2,
ESTAT:NAMA_10_GDP(1.0),01/09/23 11:00:00,A,CP_MEUR,B1GQ,CZ,2007,139002.1,
ESTAT:NAMA_10_GDP(1.0),01/09/23 11:00:00,A,CP_MEUR,B1GQ,CZ,2008,162064.5,
ESTAT:NAMA_10_GDP(1.0),01/09/23 11:00:00,A,CP_MEUR,B1GQ,CZ,2009,149586.5,
ESTAT:NAMA_10_GDP(1.0),01/09/23 11:00:00,A,CP_MEUR,B1GQ,CZ,2010,157920.8,
ESTAT:NAMA_10_GDP(1.0),01/09/23 11:00:00,A,CP_MEUR,B1GQ,CZ,2011,165202.2,
ESTAT:NAMA_10_GDP(1.0),01/09/23 11:00:00,A,CP_MEUR,B1GQ,CZ,2012,162587.5,
ESTAT:NAMA_10_GDP(1.0),01/09/23 11:00:00,A,CP_MEUR,B1GQ,CZ,2013,159461.5,
ESTAT:NAMA_10_GDP(1.0),01/09/23 11:00:00,A,CP_MEUR,B1GQ,CZ,2014,157821.3,
ESTAT:NAMA_10_GDP(1.0),01/09/23 11:00:00,A,CP_MEUR,B1GQ,CZ,2015,169558.2,
ESTAT:NAMA_10_GDP(1.0),01/09/23 11:00:00,A,CP_MEUR,B1GQ,CZ,2016,177438.5,
ESTAT:NAMA_10_GDP(1.0),01/09/23 11:00:00,A,CP_MEUR,B1GQ,CZ,2017,194132.9,
ESTAT:NAMA_10_GDP(1.0),01/09/23 11:00:00,A,CP_MEUR,B1GQ,CZ,2018,210970.5,
ESTAT:NAMA_10_GDP(1.0),01/09/23 11:00:00,A,CP_MEUR,B1GQ,CZ,2019,225613.5,
ESTAT:NAMA_10_GDP(1.0),01/09/23 11:00:00,A,CP_MEUR,B1GQ,CZ,2020,215805.4,
ESTAT:NAMA_10_GDP(1.0),01/09/23 11:00:00,A,CP_MEUR,B1GQ,CZ,2021,238249.5,
ESTAT:NAMA_10_GDP(1.0),01/09/23 11:00:00,A,CP_MEUR,B1GQ,CZ,2022,276229.4,
ESTAT:NAMA_10_GDP(1.0),01/09/23 11:00:00,A,CP_MEUR,B1GQ,DE,2001,2172540.0,
ESTAT:NAMA_10_GDP(1.0),01/09/23 11:00:00,A,CP_MEUR,B1GQ,DE,2002,2198120.0,
ESTAT:NAMA_10_GDP(1.0),01/09/23 11:00:00,A,CP_MEUR,B1GQ,DE,2003,2211570.0,
ESTAT:NAMA_10_GDP(1.0),01/09/23 11:00:00,A,CP_MEUR,B1GQ,DE,2004,2262520.0,
ESTAT:NAMA_10_GDP(1.0),01/09/23 11:00:00,A,CP_MEUR,B1GQ,DE,2005,2288310.0,
ESTAT:NAMA_10_GDP(1.0),01/09/23 11:00:00,A,CP_MEUR,B1GQ,DE,2006,2385080.0,
ESTAT:NAMA_10_GDP(1.0),01/09/23 11:00:00,A,CP_MEUR,B1GQ,DE,2007,2499550.0,
ESTAT:NAMA_10_GDP(1.0),01/09/23 11:00:00,A,CP_MEUR,B1GQ,DE,2008,2546490.0,
ESTAT:NAMA_10_GDP(1.0),01/09/23 11:00:00,A,CP_MEUR,B1GQ,DE,2009,2445730.0,
ESTAT:NAMA_10_GDP(1.0),01/09/23 11:00:00,A,CP_MEUR,B1GQ,DE,2010,2564400.0,
ESTAT:NAMA_10_GDP(1.0),01/09/23 11:00:00,A,CP_MEUR,B1GQ,DE,2011,2693560.0,
ESTAT:NAMA_10_GDP(1.0),01/09/23 11:00:00,A,CP_MEUR,B1GQ,DE,2012,2745310.0,
ESTAT:NAMA_10_GDP(1.0),01/09/23 11:00:00,A,CP_MEUR,B1GQ,DE,2013,2811350.0,
ESTAT:NAMA_10_GDP(1.0),01/09/23 11:00:00,A,CP_MEUR,B1GQ,DE,2014,2927430.0,
ESTAT:NAMA_10_GDP(1.0),01/09/23 11:00:00,A,CP_MEUR,B1GQ,DE,2015,3026180.0,
ESTAT:NAMA_10_GDP(1.0),01/09/23 11:00:00,A,CP_MEUR,B1GQ,DE,2016,3134740.0,
ESTAT:NAMA_10_GDP(1.0),01/09/23 11:00:00,A,CP_MEUR,B1GQ,DE,2017,3267160.0,
ESTAT:NAMA_10_GDP(1.0),01/09/23 11:00:00,A,CP_MEUR,B1GQ,DE,2018,3365450.0,
ESTAT:NAMA_10_GDP(1.0),01/09/23 11:00:00,A,CP_MEUR,B1GQ,DE,2019,3474110.0,p
ESTAT:NAMA_10_GDP(1.0),01/09/23 11:00:00,A,CP_MEUR,B1GQ,DE,2020,3403730.0,p
ESTAT:NAMA_10_GDP(1.0),01/09/23 11:00:00,A,CP_MEUR,B1GQ,DE,2021,3617450.0,p
ESTAT:NAMA_10_GDP(1.0),01/09/23 11:00:00,A,CP_MEUR,B1GQ,DE,2022,3876810.0,p
ESTAT:NAMA_10_GDP(1.0),01/09/23 11:00:00,A,CP_MEUR,B1GQ,DK,2001,184045.6,
ESTAT:NAMA_10_GDP(1.0),01/09/23 11:00:00,A,CP_MEUR,B1GQ,DK,2002,189794.9,
ESTAT:NAMA_10_GDP(1.0),01/09/23 11:00:00,A,CP_MEUR,B1GQ,DK,2003,193353.4,
ESTAT:NAMA_10_GDP(1.0),01/09/23 11:00:00,A,CP_MEUR,B1GQ,DK,2004,202422.2,
ESTAT:NAMA_10_GDP(1.0),01/09/23 11:00:00,A,CP_MEUR,B1GQ,DK,2005,212832.4,
ESTAT:NAMA_10_GDP(1.0),01/09/23 11:00:00,A,CP_MEUR,B1GQ,DK,2006,225531.3,
ESTAT:NAMA_10_GDP(1.0),01/09/23 11:00:00,A,CP_MEUR,B1GQ,DK,2007,233383.3,
ESTAT:NAMA_10_GDP(1.0),01/09/23 11:00:00,A,CP_MEUR,B1GQ,DK,2008,241613.5,
ESTAT:NAMA_10_GDP(1.0),01/09/23 11:00:00,A,CP_MEUR,B1GQ,DK,2009,231278.0,
ESTAT:NAMA_10_GDP(1.0),01/09/23 11:00:00,A,CP_MEUR,B1GQ,DK,2010,243165.4,
ESTAT:NAMA_10_GDP(1.0),01/09/23 11:00:00,A,CP_MEUR,B1GQ,DK,2011,247879.9,
ESTAT:NAMA_10_GDP(1.0),01/09/23 11:00:00,A,CP_MEUR,B1GQ,DK,2012,254578.0,
ESTAT:NAMA_10_GDP(1.0),01/09/23 11:00:00,A,CP_MEUR,B1GQ,DK,2013,258742.7,
ESTAT:NAMA_10_GDP(1.0),01/09/23 11:00:00,A,CP_MEUR,B1GQ,DK,2014,265757.0,
ESTAT:NAMA_10_GDP(1.0),01/09/23 11:00:00,A,CP_MEUR,B1GQ,DK,2015,273017.6,
ESTAT:NAMA_10_GDP(1.0),01/09/23 11:00:00,A,CP_MEUR,B1GQ,DK,2016,283109.7,
ESTAT:NAMA_10_GDP(1.0),01/09/23 11:00:00,A,CP_MEUR,B1GQ,DK,2017,294808.2,
ESTAT:NAMA_10_GDP(1.0),01/09/23 11:00:00,A,CP_MEUR,B1GQ,DK,2018,302328.7,
ESTAT:NAMA_10_GDP(1.0),01/09/23 11:00:00,A,CP_MEUR,B1GQ,DK,2019,309526.4,
ESTAT:NAMA_10_GDP(1.0),01/09/23 11:00:00,A,CP_MEUR,B1GQ,DK,2020,311356.3,
ESTAT:NAMA_10_GDP(1.0),01/09/23 11:00:00,A,CP_MEUR,B1GQ,DK,2021,342961.7,
ESTAT:NAMA_10_GDP(1.0),01/09/23 11:00:00,A,CP_MEUR,B1GQ,DK,2022,380617.8,
ESTAT:NAMA_10_GDP(1.0),01/09/23 11:00:00,A,CP_MEUR,B1GQ,EE,2001,6987.1,
ESTAT:NAMA_10_GDP(1.0),01/09/23 11:00:00,A,CP_MEUR,B1GQ,EE,2002,7822.6,
ESTAT:NAMA_10_GDP(1.0),01/09/23 11:00:00,A,CP_MEUR,B1GQ,EE,2003,8744.4,
ESTAT:NAMA_10_GDP(1.0),01/09/23 11:00:00,A,CP_MEUR,B1GQ,EE,2004,9777.5,
ESTAT:NAMA_10_GDP(1.0),01/09/23 11:00:00,A,CP_MEUR,B1GQ,EE,2005,11343.3,
ESTAT:NAMA_10_GDP(1.0),01/09/23 11:00:00,A,CP_MEUR,B1GQ,EE,2006,13568.9,
ESTAT:NAMA_10_GDP(1.0),01/09/23 11:00:00,A,CP_MEUR,B1GQ,EE,2007,16401.3,
ESTAT:NAMA_10_GDP(1.0),01/09/23 11:00:00,A,CP_MEUR,B1GQ,EE,2008,16618.1,
ESTAT:NAMA_10_GDP(1.0),01/09/23 11:00:00,A,CP_MEUR,B1GQ,EE,2009,14131.9,
ESTAT:NAMA_10_GDP(1.0),01/09/23 11:00:00,A,CP_MEUR,B1GQ,EE,2010,14741.1,
ESTAT:NAMA_10_GDP(1.0),01/09/23 11:00:00,A,CP_MEUR,B1GQ,EE,2011,16677.3,
ESTAT:NAMA_10_GDP(1.0),01/09/23 11:00:00,A,CP_MEUR,B1GQ,EE,2012,17916.7,
ESTAT:NAMA_10_GDP(1.0),01/09/23 11:00:00,A,CP_MEUR,B1GQ,EE,2013,18910.8,
ESTAT:NAMA_10_GDP(1.0),01/09/23 11:00:00,A,CP_MEUR,B1GQ,EE,2014,20048.2,
ESTAT:NAMA_10_GDP(1.0),01/09/23 11:00:00,A,CP_MEUR,B1GQ,EE,2015,20631.4,
ESTAT:NAMA_10_GDP(1.0),01/09/23 11:00:00,A,CP_MEUR,B1GQ,EE,2016,21747.9,
ESTAT:NAMA_10_GDP(1.0),01/09/23 11:00:00,A,CP_MEUR,B1GQ,EE,2017,23833.6,
ESTAT:NAMA_10_GDP(1.0),01/09/23 11:00:00,A,CP_MEUR,B1GQ,EE,2018,25932.2,
ESTAT:NAMA_10_GDP(1.0),01/09/23 11:00:00,A,CP_MEUR,B1GQ,EE,2019,27764.7,
ESTAT:NAMA_10_GDP(1.0),01/09/23 11:00:00,A,CP_MEUR,B1GQ,EE,2020,27465.0,
ESTAT:NAMA_10_GDP(1.0),01/09/23 11:00:00,A,CP_MEUR,B1GQ,EE,2021,31444.9,
ESTAT:NAMA_10_GDP(1.0),01/09/23 11:00:00,A,CP_MEUR,B1GQ,EE,2022,36181.4,
ESTAT:NAMA_10_GDP(1.0),01/09/23 11:00:00,A,CP_MEUR,B1GQ,EL,2001,152193.8,
ESTAT:NAMA_10_GDP(1.0),01/09/23 11:00:00,A,CP_MEUR,B1GQ,EL,2002,163460.8,
ESTAT:NAMA_10_GDP(1.0),01/09/23 11:00:00,A,CP_MEUR,B1GQ,EL,2003,178904.9,
ESTAT:NAMA_10_GDP(1.0),01/09/23 11:00:00,A,CP_MEUR,B1GQ,EL,2004,193715.8,
ESTAT:NAMA_10_GDP(1.0),01/09/23 11:00:00,A,CP_MEUR,B1GQ,EL,2005,199242.3,
ESTAT:NAMA_10_GDP(1.0),01/09/23 11:00:00,A,CP_MEUR,B1GQ,EL,2006,217861.6,
ESTAT:NAMA_10_GDP(1.0),01/09/23 11:00:00,A,CP_MEUR,B1GQ,EL,2007,232694.6,
ESTAT:NAMA_10_GDP(1.0),01/09/23 11:00:00,A,CP_MEUR,B1GQ,EL,2008,241990.4,
ESTAT:NAMA_10_GDP(1.0),01/09/23 11:00:00,A,CP_MEUR,B1GQ,EL,2009,237534.2,
ESTAT:NAMA_10_GDP(1.0),01/09/23 11:00:00,A,CP_MEUR,B1GQ,EL,2010,224124.0,b
ESTAT:NAMA_10_GDP(1.0),01/09/23 11:00:00,A,CP_MEUR,B1GQ,EL,2011,203308.2,
ESTAT:NAMA_10_GDP(1.0),01/09/23 11:00:00,A,CP_MEUR,B1GQ,EL,2012,188380.6,
ESTAT:NAMA_10_GDP(1.0),01/09/23 11:00:00,A,CP_MEUR,B1GQ,EL,2013,179884.4,
ESTAT:NAMA_10_GDP(1.0),01/09/23 11:00:00,A,CP_MEUR,B1GQ,EL,2014,177236.0,
ESTAT:NAMA_10_GDP(1.0),01/09/23 11:00:00,A,CP_MEUR,B1GQ,EL,2015,176368.9,
ESTAT:NAMA_10_GDP(1.0),01/09/23 11:00:00,A,CP_MEUR,B1GQ,EL,2016,174494.2,
ESTAT:NAMA_10_GDP(1.0),01/09/23 11:00:00,A,CP_MEUR,B1GQ,EL,2017,176903.4,
ESTAT:NAMA_10_GDP(1.0),01/09/23 11:00:00,A,CP_MEUR,B1GQ,EL,2018,179557.7,
ESTAT:NAMA_10_GDP(1.0),01/09/23 11:00:00,A,CP_MEUR,B1GQ,EL,2019,183351.2,
ESTAT:NAMA_10_GDP(1.0),01/09/23 11:00:00,A,CP_MEUR,B1GQ,EL,2020,165405.9,p
ESTAT:NAMA_10_GDP(1.0),01/09/23 11:00:00,A,CP_MEUR,B1GQ,EL,2021,181674.6,p
ESTAT:NAMA_10_GDP(1.0),01/09/23 11:00:00,A,CP_MEUR,B1GQ,EL,2022,208030.2,p
ESTAT:NAMA_10_GDP(1.0),01/09/23 11:00:00,A,CP_MEUR,B1GQ,ES,2001,700993.0,
ESTAT:NAMA_10_GDP(1.0),01/09/23 11:00:00,A,CP_MEUR,B1GQ,ES,2002,749552.0,
ESTAT:NAMA_10_GDP(1.0),01/09/23 11:00:00,A,CP_MEUR,B1GQ,ES,2003,802266.0,
ESTAT:NAMA_10_GDP(1.0),01/09/23 11:00:00,A,CP_MEUR,B1GQ,ES,2004,859437.0,
ESTAT:NAMA_10_GDP(1.0),01/09/23 11:00:00,A,CP_MEUR,B1GQ,ES,2005,927357.0,
ESTAT:NAMA_10_GDP(1.0),01/09/23 11:00:00,A,CP_MEUR,B1GQ,ES,2006,1003823.0,
ESTAT:NAMA_10_GDP(1.0),01/09/23 11:00:00,A,CP_MEUR,B1GQ,ES,2007,1075539.0,
ESTAT:NAMA_10_GDP(1.0),01/09/23 11:00:00,A,CP_MEUR,B1GQ,ES,2008,1109541.0,
ESTAT:NAMA_10_GDP(1.0),01/09/23 11:00:00,A,CP_MEUR,B1GQ,ES,2009,1069323.0,
ESTAT:NAMA_10_GDP(1.0),01/09/23 11:00:00,A,CP_MEUR,B1GQ,ES,2010,1072709.0,
ESTAT:NAMA_10_GDP(1.0),01/09/23 11:00:00,A,CP_MEUR,B1GQ,ES,2011,1063763.0,
ESTAT:NAMA_10_GDP(1.0),01/09/23 11:00:00,A,CP_MEUR,B1GQ,ES,2012,1031104.0,
ESTAT:NAMA_10_GDP(1.0),01/09/23 11:00:00,A,CP_MEUR,B1GQ,ES,2013,1020677.0,
ESTAT:NAMA_10_GDP(1.0),01/09/23 11:00:00,A,CP_MEUR,B1GQ,ES,2014,1032608.0,
ESTAT:NAMA_10_GDP(1.0),01/09/23 11:00:00,A,CP_MEUR,B1GQ,ES,2015,1078092.0,
ESTAT:NAMA_10_GDP(1.0),01/09/23 11:00:00,A,CP_MEUR,B1GQ,ES,2016,1114420.0,
ESTAT:NAMA_10_GDP(1.0),01/09/23 11:00:00,A,CP_MEUR,B1GQ,ES,2017,1162492.0,
ESTAT:NAMA_10_GDP(1.0),01/09/23 11:00:00,A,CP_MEUR,B1GQ,ES,2018,1203859.0,
ESTAT:NAMA_10_GDP(1.0),01/09/23 11:00:00,A,CP_MEUR,B1GQ,ES,2019,1245513.0,
ESTAT:NAMA_10_GDP(1.0),01/09/23 11:00:00,A,CP_MEUR,B1GQ,ES,2020,1117989.0,p
ESTAT:NAMA_10_GDP(1.0),01/09/23 11:00:00,A,CP_MEUR,B1GQ,ES,2021,1206842.0,p
ESTAT:NAMA_10_GDP(1.0),01/09/23 11:00:00,A,CP_MEUR,B1GQ,ES,2022,1327108.0,p
ESTAT:NAMA_10_GDP(1.0),01/09/23 11:00:00,A,CP_MEUR,B1GQ,FI,2001,144628.0,
ESTAT:NAMA_10_GDP(1.0),01/09/23 11:00:00,A,CP_MEUR,B1GQ,FI,2002,148486.0,
ESTAT:NAMA_10_GDP(1.0),01/09/23 11:00:00,A,CP_MEUR,B1GQ,FI,2003,151749.0,
ESTAT:NAMA_10_GDP(1.0),01/09/23 11:00:00,A,CP_MEUR,B1GQ,FI,2004,158758.0,
ESTAT:NAMA_10_GDP(1.0),01/09/23 11:00:00,A,CP_MEUR,B1GQ,FI,2005,164687.0,
ESTAT:NAMA_10_GDP(1.0),01/09/23 11:00:00,A,CP_MEUR,B1GQ,FI,2006,172897.0,
ESTAT:NAMA_10_GDP(1.0),01/09/23 11:00:00,A,CP_MEUR,B1GQ,FI,2007,187072.0,
ESTAT:NAMA_10_GDP(1.0),01/09/23 11:00:00,A,CP_MEUR,B1GQ,FI,2008,194265.0,
ESTAT:NAMA_10_GDP(1.0),01/09/23 11:00:00,A,CP_MEUR,B1GQ,FI,2009,181747.0,
ESTAT:NAMA_10_GDP(1.0),01/09/23 11:00:00,A,CP_MEUR,B1GQ,FI,2010,188143.0,
ESTAT:NAMA_10_GDP(1.0),01/09/23 11:00:00,A,CP_MEUR,B1GQ,FI,2011,197998.0,
ESTAT:NAMA_10_GDP(1.0),01/09/23 11:00:00,A,CP_MEUR,B1GQ,FI,2012,201037.0,
ESTAT:NAMA_10_GDP(1.0),01/09/23 11:00:00,A,CP_MEUR,B1GQ,FI,2013,204321.0,
ESTAT:NAMA_10_GDP(1.0),01/09/23 11:00:00,A,CP_MEUR,B1GQ,FI,2014,206897.0,
ESTAT:NAMA_10_GDP(1.0),01/09/23 11:00:00,A,CP_MEUR,B1GQ,FI,2015,211385.0,
ESTAT:NAMA_10_GDP(1.0),01/09/23 11:00:00,A,CP_MEUR,B1GQ,FI,2016,217518.0,
ESTAT:NAMA_10_GDP(1.0),01/09/23 11:00:00,A,CP_MEUR,B1GQ,FI,2017,226301.0,
ESTAT:NAMA_10_GDP(1.0),01/09/23 11:00:00,A,CP_MEUR,B1GQ,FI,2018,233462.0,
ESTAT:NAMA_10_GDP(1.0),01/09/23 11:00:00,A,CP_MEUR,B1GQ,FI,2019,239858.0,
ESTAT:NAMA_10_GDP(1.0),01/09/23 11:00:00,A,CP_MEUR,B1GQ,FI,2020,238038.0,
ESTAT:NAMA_10_GDP(1.0),01/09/23 11:00:00,A,CP_MEUR,B1GQ,FI,2021,250920.0,
ESTAT:NAMA_10_GDP(1.0),01/09/23 11:00:00,A,CP_MEUR,B1GQ,FI,2022,268650.0,
ESTAT:NAMA_10_GDP(1.0),01/09/23 11:00:00,A,CP_MEUR,B1GQ,FR,2001,1538200.0,
ESTAT:NAMA_10_GDP(1.0),01/09/23 11:00:00,A,CP_MEUR,B1GQ,FR,2002,1587829.0,
ESTAT:NAMA_10_GDP(1.0),01/09/23 11:00:00,A,CP_MEUR,B1GQ,FR,2003,1630666.0,
ESTAT:NAMA_10_GDP(1.0),01/09/23 11:00:00,A,CP_MEUR,B1GQ,FR,2004,1704019.0,
ESTAT:NAMA_10_GDP(1.0),01/09/23 11:00:00,A,CP_MEUR,B1GQ,FR,2005,1765905.0,
ESTAT:NAMA_10_GDP(1.0),01/09/23 11:00:00,A,CP_MEUR,B1GQ,FR,2006,1848151.0,
ESTAT:NAMA_10_GDP(1.0),01/09/23 11:00:00,A,CP_MEUR,B1GQ,FR,2007,1941360.0,
ESTAT:NAMA_10_GDP(1.0),01/09/23 11:00:00,A,CP_MEUR,B1GQ,FR,2008,1992380.0,
ESTAT:NAMA_10_GDP(1.0),01/09/23 11:00:00,A,CP_MEUR,B1GQ,FR,2009,1936422.0,
ESTAT:NAMA_10_GDP(1.0),01/09/23 11:00:00,A,CP_MEUR,B1GQ,FR,2010,1995289.0,
ESTAT:NAMA_10_GDP(1.0),01/09/23 11:00:00,A,CP_MEUR,B1GQ,FR,2011,2058369.0,
ESTAT:NAMA_10_GDP(1.0),01/09/23 11:00:00,A,CP_MEUR,B1GQ,FR,2012,2088804.0,
ESTAT:NAMA_10_GDP(1.0),01/09/23 11:00:00,A,CP_MEUR,B1GQ,FR,2013,2117189.0,
ESTAT:NAMA_10_GDP(1.0),01/09/23 11:00:00,A,CP_MEUR,B1GQ,FR,2014,2149765.0,
ESTAT:NAMA_10_GDP(1.0),01/09/23 11:00:00,A,CP_MEUR,B1GQ,FR,2015,2198432.0,
ESTAT:NAMA_10_GDP(1.0),01/09/23 11:00:00,A,CP_MEUR,B1GQ,FR,2016,2234129.0,
ESTAT:NAMA_10_GDP(1.0),01/09/23 11:00:00,A,CP_MEUR,B1GQ,FR,2017,2297242.0,
ESTAT:NAMA_10_GDP(1.0),01/09/23 11:00:00,A,CP_MEUR,B1GQ,FR,2018,2363306.0,
ESTAT:NAMA_10_GDP(1.0),01/09/23 11:00:00,A,CP_MEUR,B1GQ,FR,2019,2437635.0,
ESTAT:NAMA_10_GDP(1.0),01/09/23 11:00:00,A,CP_MEUR,B1GQ,FR,2020,2317832.0,
ESTAT:NAMA_10_GDP(1.0),01/09/23 11:00:00,A,CP_MEUR,B1GQ,FR,2021,2502118.0,p
ESTAT:NAMA_10_GDP(1.0),01/09/23 11:00:00,A,CP_MEUR,B1GQ,FR,2022,2639092.0,p
ESTAT:NAMA_10_GDP(1.0),01/09/23 11:00:00,A,CP_MEUR,B1GQ,HR,2001,25931.7,
ESTAT:NAMA_10_GDP(1.0),01/09/23 11:00:00,A,CP_MEUR,B1GQ,HR,2002,28761.2,
ESTAT:NAMA_10_GDP(1.0),01/09/23 11:00:00,A,CP_MEUR,B1GQ,HR,2003,31025.7,
ESTAT:NAMA_10_GDP(1.0),01/09/23 11:00:00,A,CP_MEUR,B1GQ,HR,2004,33818.0,
ESTAT:NAMA_10_GDP(1.0),01/09/23 11:00:00,A,CP_MEUR,B1GQ,HR,2005,36845.2,
ESTAT:NAMA_10_GDP(1.0),01/09/23 11:00:00,A,CP_MEUR,B1GQ,HR,2006,40579.3,
ESTAT:NAMA_10_GDP(1.0),01/09/23 11:00:00,A,CP_MEUR,B1GQ,HR,2007,44335.5,
ESTAT:NAMA_10_GDP(1.0),01/09/23 11:00:00,A,CP_MEUR,B1GQ,HR,2008,48465.2,
ESTAT:NAMA_10_GDP(1.0),01/09/23 11:00:00,A,CP_MEUR,B1GQ,HR,2009,45586.2,
ESTAT:NAMA_10_GDP(1.0),01/09/23 11:00:00,A,CP_MEUR,B1GQ,HR,2010,45763.6,
ESTAT:NAMA_10_GDP(1.0),01/09/23 11:00:00,A,CP_MEUR,B1GQ,HR,2011,45549.9,
ESTAT:NAMA_10_GDP(1.0),01/09/23 11:00:00,A,CP_MEUR,B1GQ,HR,2012,44621.2,
ESTAT:NAMA_10_GDP(1.0),01/09/23 11:00:00,A,CP_MEUR,B1GQ,HR,2013,44437.1,
ESTAT:NAMA_10_GDP(1.0),01/09/23 11:00:00,A,CP_MEUR,B1GQ,HR,2014,43989.1,
ESTAT:NAMA_10_GDP(1.0),01/09/23 11:00:00,A,CP_MEUR,B1GQ,HR,2015,45257.9,
ESTAT:NAMA_10_GDP(1.0),01/09/23 11:00:00,A,CP_MEUR,B1GQ,HR,2016,47338.7,
ESTAT:NAMA_10_GDP(1.0),01/09/23 11:00:00,A,CP_MEUR,B1GQ,HR,2017,49985.9,
ESTAT:NAMA_10_GDP(1.0),01/09/23 11:00:00,A,CP_MEUR,B1GQ,HR,2018,52747.2,
ESTAT:NAMA_10_GDP(1.0),01/09/23 11:00:00,A,CP_MEUR,B1GQ,HR,2019,55644.4,
ESTAT:NAMA_10_GDP(1.0),01/09/23 11:00:00,A,CP_MEUR,B1GQ,HR,2020,50450.9,
ESTAT:NAMA_10_GDP(1.0),01/09/23 11:00:00,A,CP_MEUR,B1GQ,HR,2021,58290.9,p
ESTAT:NAMA_10_GDP(1.0),01/09/23 11:00:00,A,CP_MEUR,B1GQ,HR,2022,66939.0,p
ESTAT:NAMA_10_GDP(1.0),01/09/23 11:00:00,A,CP_MEUR,B1GQ,HU,2001,60012.9,
ESTAT:NAMA_10_GDP(1.0),01/09/23 11:00:00,A,CP_MEUR,B1GQ,HU,2002,71756.1,
ESTAT:NAMA_10_GDP(1.0),01/09/23 11:00:00,A,CP_MEUR,B1GQ,HU,2003,75427.8,
ESTAT:NAMA_10_GDP(1.0),01/09/23 11:00:00,A,CP_MEUR,B1GQ,HU,2004,83883.3,
ESTAT:NAMA_10_GDP(1.0),01/09/23 11:00:00,A,CP_MEUR,B1GQ,HU,2005,91090.4,
ESTAT:NAMA_10_GDP(1.0),01/09/23 11:00:00,A,CP_MEUR,B1GQ,HU,2006,92126.7,
ESTAT:NAMA_10_GDP(1.0),01/09/23 11:00:00,A,CP_MEUR,B1GQ,HU,2007,102414.6,
ESTAT:NAMA_10_GDP(1.0),01/09/23 11:00:00,A,CP_MEUR,B1GQ,HU,2008,108345.4,
ESTAT:NAMA_10_GDP(1.0),01/09/23 11:00:00,A,CP_MEUR,B1GQ,HU,2009,94605.6,
ESTAT:NAMA_10_GDP(1.0),01/09/23 11:00:00,A,CP_MEUR,B1GQ,HU,2010,99771.6,
ESTAT:NAMA_10_GDP(1.0),01/09/23 11:00:00,A,CP_MEUR,B1GQ,HU,2011,102152.0,
ESTAT:NAMA_10_GDP(1.0),01/09/23 11:00:00,A,CP_MEUR,B1GQ,HU,2012,100247.6,
ESTAT:NAMA_10_GDP(1.0),01/09/23 11:00:00,A,CP_MEUR,B1GQ,HU,2013,102239.7,
ESTAT:NAMA_10_GDP(1.0),01/09/23 11:00:00,A,CP_MEUR,B1GQ,HU,2014,106263.8,
ESTAT:NAMA_10_GDP(1.0),01/09/23 11:00:00,A,CP_MEUR,B1GQ,HU,2015,112791.0,
ESTAT:NAMA_10_GDP(1.0),01/09/23 11:00:00,A,CP_MEUR,B1GQ,HU,2016,116255.7,
ESTAT:NAMA_10_GDP(1.0),01/09/23 11:00:00,A,CP_MEUR,B1GQ,HU,2017,127024.7,
ESTAT:NAMA_10_GDP(1.0),01/09/23 11:00:00,A,CP_MEUR,B1GQ,HU,2018,136055.4,
ESTAT:NAMA_10_GDP(1.0),01/09/23 11:00:00,A,CP_MEUR,B1GQ,HU,2019,146554.5,
ESTAT:NAMA_10_GDP(1.0),01/09/23 11:00:00,A,CP_MEUR,B1GQ,HU,2020,137866.0,
ESTAT:NAMA_10_GDP(1.0),01/09/23 11:00:00,A,CP_MEUR,B1GQ,HU,2021,154120.1,
ESTAT:NAMA_10_GDP(1.0),01/09/23 11:00:00,A,CP_MEUR,B1GQ,HU,2022,170246.8,p
ESTAT:NAMA_10_GDP(1.0),01/09/23 11:00:00,A,CP_MEUR,B1GQ,IE,2001,122089.2,
ESTAT:NAMA_10_GDP(1.0),01/09/23 11:00:00,A,CP_MEUR,B1GQ,IE,2002,135997.6,
ESTAT:NAMA_10_GDP(1.0),01/09/23 11:00:00,A,CP_MEUR,B1GQ,IE,2003,145576.4,
ESTAT:NAMA_10_GDP(1.0),01/09/23 11:00:00,A,CP_MEUR,B1GQ,IE,2004,156260.3,
ESTAT:NAMA_10_GDP(1.0),01/09/23 11:00:00,A,CP_MEUR,B1GQ,IE,2005,170306.8,
ESTAT:NAMA_10_GDP(1.0),01/09/23 11:00:00,A,CP_MEUR,B1GQ,IE,2006,184916.2,
ESTAT:NAMA_10_GDP(1.0),01/09/23 11:00:00,A,CP_MEUR,B1GQ,IE,2007,197069.4,
ESTAT:NAMA_10_GDP(1.0),01/09/23 11:00:00,A,CP_MEUR,B1GQ,IE,2008,187283.0,
ESTAT:NAMA_10_GDP(1.0),01/09/23 11:00:00,A,CP_MEUR,B1GQ,IE,2009,169519.7,
ESTAT:NAMA_10_GDP(1.0),01/09/23 11:00:00,A,CP_MEUR,B1GQ,IE,2010,167391.4,
ESTAT:NAMA_10_GDP(1.0),01/09/23 11:00:00,A,CP_MEUR,B1GQ,IE,2011,171823.5,
ESTAT:NAMA_10_GDP(1.0),01/09/23 11:00:00,A,CP_MEUR,B1GQ,IE,2012,175218.5,
ESTAT:NAMA_10_GDP(1.0),01/09/23 11:00:00,A,CP_MEUR,B1GQ,IE,2013,179285.6,
ESTAT:NAMA_10_GDP(1.0),01/09/23 11:00:00,A,CP_MEUR,B1GQ,IE,2014,195469.9,
ESTAT:NAMA_10_GDP(1.0),01/09/23 11:00:00,A,CP_MEUR,B1GQ,IE,2015,263506.8,
ESTAT:NAMA_10_GDP(1.0),01/09/23 11:00:00,A,CP_MEUR,B1GQ,IE,2016,269724.8,
ESTAT:NAMA_10_GDP(1.0),01/09/23 11:00:00,A,CP_MEUR,B1GQ,IE,2017,298528.3,
ESTAT:NAMA_10_GDP(1.0),01/09/23 11:00:00,A,CP_MEUR,B1GQ,IE,2018,327441.4,
ESTAT:NAMA_10_GDP(1.0),01/09/23 11:00:00,A,CP_MEUR,B1GQ,IE,2019,356357.4,
ESTAT:NAMA_10_GDP(1.0),01/09/23 11:00:00,A,CP_MEUR,B1GQ,IE,2020,375249.6,
ESTAT:NAMA_10_GDP(1.0),01/09/23 11:00:00,A,CP_MEUR,B1GQ,IE,2021,434069.7,
ESTAT:NAMA_10_GDP(1.0),01/09/23 11:00:00,A,CP_MEUR,B1GQ,IE,2022,506282.4,
ESTAT:NAMA_10_GDP(1.0),01/09/23 11:00:00,A,CP_MEUR,B1GQ,IS,2001,9177.3,
ESTAT:NAMA_10_GDP(1.0),01/09/23 11:00:00,A,CP_MEUR,B1GQ,IS,2002,9911.1,
ESTAT:NAMA_10_GDP(1.0),01/09/23 11:00:00,A,CP_MEUR,B1GQ,IS,2003,10118.1,
ESTAT:NAMA_10_GDP(1.0),01/09/23 11:00:00,A,CP_MEUR,B1GQ,IS,2004,11136.3,
ESTAT:NAMA_10_GDP(1.0),01/09/23 11:00:00,A,CP_MEUR,B1GQ,IS,2005,13568.0,
ESTAT:NAMA_10_GDP(1.0),01/09/23 11:00:00,A,CP_MEUR,B1GQ,IS,2006,13966.7,
ESTAT:NAMA_10_GDP(1.0),01/09/23 11:00:00,A,CP_MEUR,B1GQ,IS,2007,15827.4,
ESTAT:NAMA_10_GDP(1.0),01/09/23 11:00:00,A,CP_MEUR,B1GQ,IS,2008,11052.1,
ESTAT:NAMA_10_GDP(1.0),01/09/23 11:00:00,A,CP_MEUR,B1GQ,IS,2009,9419.1,
ESTAT:NAMA_10_GDP(1.0),01/09/23 11:00:00,A,CP_MEUR,B1GQ,IS,2010,10383.4,
ESTAT:NAMA_10_GDP(1.0),01/09/23 11:00:00,A,CP_MEUR,B1GQ,IS,2011,10934.3,
ESTAT:NAMA_10_GDP(1.0),01/09/23 11:00:00,A,CP_MEUR,B1GQ,IS,2012,11479.9,
ESTAT:NAMA_10_GDP(1.0),01/09/23 11:00:00,A,CP_MEUR,B1GQ,IS,2013,12132.9,
ESTAT:NAMA_10_GDP(1.0),01/09/23 11:00:00,A,CP_MEUR,B1GQ,IS,2014,13472.6,
ESTAT:NAMA_10_GDP(1.0),01/09/23 11:00:00,A,CP_MEUR,B1GQ,IS,2015,15795.3,
ESTAT:NAMA_10_GDP(1.0),01/09/23 11:00:00,A,CP_MEUR,B1GQ,IS,2016,18804.2,
ESTAT:NAMA_10_GDP(1.0),01/09/23 11:00:00,A,CP_MEUR,B1GQ,IS,2017,21917.7,
ESTAT:NAMA_10_GDP(1.0),01/09/23 11:00:00,A,CP_MEUR,B1GQ,IS,2018,22238.3,
ESTAT:NAMA_10_GDP(1.0),01/09/23 11:00:00,A,CP_MEUR,B1GQ,IS,2019,22027.5,
ESTAT:NAMA_10_GDP(1.0),01/09/23 11:00:00,A,CP_MEUR,B1GQ,IS,2020,18880.6,
ESTAT:NAMA_10_GDP(1.0),01/09/23 11:00:00,A,CP_MEUR,B1GQ,IS,2021,21611.1,
ESTAT:NAMA_10_GDP(1.0),01/09/23 11:00:00,A,CP_MEUR,B1GQ,IS,2022,26479.3,
ESTAT:NAMA_10_GDP(1.0),01/09/23 11:00:00,A,CP_MEUR,B1GQ,IT,2001,1304136.8,
ESTAT:NAMA_10_GDP(1.0),01/09/23 11:00:00,A,CP_MEUR,B1GQ,IT,2002,1350258.9,
ESTAT:NAMA_10_GDP(1.0),01/09/23 11:00:00,A,CP_MEUR,B1GQ,IT,2003,1394693.2,
ESTAT:NAMA_10_GDP(1.0),01/09/23 11:00:00,A,CP_MEUR,B1GQ,IT,2004,1452319.0,
ESTAT:NAMA_10_GDP(1.0),01/09/23 11:00:00,A,CP_MEUR,B1GQ,IT,2005,1493635.3,
ESTAT:NAMA_10_GDP(1.0),01/09/23 11:00:00,A,CP_MEUR,B1GQ,IT,2006,1552686.8,
ESTAT:NAMA_10_GDP(1.0),01/09/23 11:00:00,A,CP_MEUR,B1GQ,IT,2007,1614839.8,
ESTAT:NAMA_10_GDP(1.0),01/09/23 11:00:00,A,CP_MEUR,B1GQ,IT,2008,1637699.4,
ESTAT:NAMA_10_GDP(1.0),01/09/23 11:00:00,A,CP_MEUR,B1GQ,IT,2009,1577255.9,
ESTAT:NAMA_10_GDP(1.0),01/09/23 11:00:00,A,CP_MEUR,B1GQ,IT,2010,1611279.4,
ESTAT:NAMA_10_GDP(1.0),01/09/23 11:00:00,A,CP_MEUR,B1GQ,IT,2011,1648755.8,
ESTAT:NAMA_10_GDP(1.0),01/09/23 11:00:00,A,CP_MEUR,B1GQ,IT,2012,1624358.7,
ESTAT:NAMA_10_GDP(1.0),01/09/23 11:00:00,A,CP_MEUR,B1GQ,IT,2013,1612751.3,
ESTAT:NAMA_10_GDP(1.0),01/09/23 11:00:00,A,CP_MEUR,B1GQ,IT,2014,1627405.6,
ESTAT:NAMA_10_GDP(1.0),01/09/23 11:00:00,A,CP_MEUR,B1GQ,IT,2015,1655355.0,
ESTAT:NAMA_10_GDP(1.0),01/09/23 11:00:00,A,CP_MEUR,B1GQ,IT,2016,1695786.8,
ESTAT:NAMA_10_GDP(1.0),01/09/23 11:00:00,A,CP_MEUR,B1GQ,IT,2017,1736592.8,
ESTAT:NAMA_10_GDP(1.0),01/09/23 11:00:00,A,CP_MEUR,B1GQ,IT,2018,1771391.2,
ESTAT:NAMA_10_GDP(1.0),01/09/23 11:00:00,A,CP_MEUR,B1GQ,IT,2019,1796648.5,
ESTAT:NAMA_10_GDP(1.0),01/09/23 11:00:00,A,CP_MEUR,B1GQ,IT,2020,1661019.9,
ESTAT:NAMA_10_GDP(1.0),01/09/23 11:00:00,A,CP_MEUR,B1GQ,IT,2021,1787675.4,
ESTAT:NAMA_10_GDP(1.0),01/09/23 11:00:00,A,CP_MEUR,B1GQ,IT,2022,1909153.6,
ESTAT:NAMA_10_GDP(1.0),01/09/23 11:00:00,A,CP_MEUR,B1GQ,LI,2013,4812.4,
ESTAT:NAMA_10_GDP(1.0),01/09/23 11:00:00,A,CP_MEUR,B1GQ,LI,2014,5021.7,
ESTAT:NAMA_10_GDP(1.0),01/09/23 11:00:00,A,CP_MEUR,B1GQ,LI,2015,5649.1,
ESTAT:NAMA_10_GDP(1.0),01/09/23 11:00:00,A,CP_MEUR,B1GQ,LI,2016,5637.7,
ESTAT:NAMA_10_GDP(1.0),01/09/23 11:00:00,A,CP_MEUR,B1GQ,LI,2017,5734.6,
ESTAT:NAMA_10_GDP(1.0),01/09/23 11:00:00,A,CP_MEUR,B1GQ,LI,2018,5666.3,
ESTAT:NAMA_10_GDP(1.0),01/09/23 11:00:00,A,CP_MEUR,B1GQ,LI,2019,5750.1,
ESTAT:NAMA_10_GDP(1.0),01/09/23 11:00:00,A,CP_MEUR,B1GQ,LI,2020,5617.9,p
ESTAT:NAMA_10_GDP(1.0),01/09/23 11:00:00,A,CP_MEUR,B1GQ,LI,2021,6075.3,e
ESTAT:NAMA_10_GDP(1.0),01/09/23 11:00:00,A,CP_MEUR,B1GQ,LT,2001,13664.6,
ESTAT:NAMA_10_GDP(1.0),01/09/23 11:00:00,A,CP_MEUR,B1GQ,LT,2002,15153.3,
ESTAT:NAMA_10_GDP(1.0),01/09/23 11:00:00,A,CP_MEUR,B1GQ,LT,2003,16650.2,
ESTAT:NAMA_10_GDP(1.0),01/09/23 11:00:00,A,CP_MEUR,B1GQ,LT,2004,18219.4,
ESTAT:NAMA_10_GDP(1.0),01/09/23 11:00:00,A,CP_MEUR,B1GQ,LT,2005,20979.9,
ESTAT:NAMA_10_GDP(1.0),01/09/23 11:00:00,A,CP_MEUR,B1GQ,LT,2006,24053.3,
ESTAT:NAMA_10_GDP(1.0),01/09/23 11:00:00,A,CP_MEUR,B1GQ,LT,2007,29011.2,
ESTAT:NAMA_10_GDP(1.0),01/09/23 11:00:00,A,CP_MEUR,B1GQ,LT,2008,32660.1,
ESTAT:NAMA_10_GDP(1.0),01/09/23 11:00:00,A,CP_MEUR,B1GQ,LT,2009,26897.0,
ESTAT:NAMA_10_GDP(1.0),01/09/23 11:00:00,A,CP_MEUR,B1GQ,LT,2010,28033.8,
ESTAT:NAMA_10_GDP(1.0),01/09/23 11:00:00,A,CP_MEUR,B1GQ,LT,2011,31317.2,
ESTAT:NAMA_10_GDP(1.0),01/09/23 11:00:00,A,CP_MEUR,B1GQ,LT,2012,33410.2,
ESTAT:NAMA_10_GDP(1.0),01/09/23 11:00:00,A,CP_MEUR,B1GQ,LT,2013,35039.5,
ESTAT:NAMA_10_GDP(1.0),01/09/23 11:00:00,A,CP_MEUR,B1GQ,LT,2014,36581.3,
ESTAT:NAMA_10_GDP(1.0),01/09/23 11:00:00,A,CP_MEUR,B1GQ,LT,2015,37345.7,
ESTAT:NAMA_10_GDP(1.0),01/09/23 11:00:00,A,CP_MEUR,B1GQ,LT,2016,38889.9,
ESTAT:NAMA_10_GDP(1.0),01/09/23 11:00:00,A,CP_MEUR,B1GQ,LT,2017,42276.3,
ESTAT:NAMA_10_GDP(1.0),01/09/23 11:00:00,A,CP_MEUR,B1GQ,LT,2018,45515.2,
ESTAT:NAMA_10_GDP(1.0),01/09/23 11:00:00,A,CP_MEUR,B1GQ,LT,2019,48916.4,
ESTAT:NAMA_10_GDP(1.0),01/09/23 11:00:00,A,CP_MEUR,B1GQ,LT,2020,49829.3,
ESTAT:NAMA_10_GDP(1.0),01/09/23 11:00:00,A,CP_MEUR,B1GQ,LT,2021,56153.5,
ESTAT:NAMA_10_GDP(1.0),01/09/23 11:00:00,A,CP_MEUR,B1GQ,LT,2022,66791.1,
ESTAT:NAMA_10_GDP(1.0),01/09/23 11:00:00,A,CP_MEUR,B1GQ,LU,2001,23879.9,
ESTAT:NAMA_10_GDP(1.0),01/09/23 11:00:00,A,CP_MEUR,B1GQ,LU,2002,25011.1,
ESTAT:NAMA_10_GDP(1.0),01/09/23 11:00:00,A,CP_MEUR,B1GQ,LU,2003,26227.3,
ESTAT:NAMA_10_GDP(1.0),01/09/23 11:00:00,A,CP_MEUR,B1GQ,LU,2004,28189.4,
ESTAT:NAMA_10_GDP(1.0),01/09/23 11:00:00,A,CP_MEUR,B1GQ,LU,2005,30281.0,
ESTAT:NAMA_10_GDP(1.0),01/09/23 11:00:00,A,CP_MEUR,B1GQ,LU,2006,34175.0,
ESTAT:NAMA_10_GDP(1.0),01/09/23 11:00:00,A,CP_MEUR,B1GQ,LU,2007,37641.9,
ESTAT:NAMA_10_GDP(1.0),01/09/23 11:00:00,A,CP_MEUR,B1GQ,LU,2008,40009.6,
ESTAT:NAMA_10_GDP(1.0),01/09/23 11:00:00,A,CP_MEUR,B1GQ,LU,2009,39050.7,
ESTAT:NAMA_10_GDP(1.0),01/09/23 11:00:00,A,CP_MEUR,B1GQ,LU,2010,42402.7,
ESTAT:NAMA_10_GDP(1.0),01/09/23 11:00:00,A,CP_MEUR,B1GQ,LU,2011,44323.5,
ESTAT:NAMA_10_GDP(1.0),01/09/23 11:00:00,A,CP_MEUR,B1GQ,LU,2012,46526.2,
ESTAT:NAMA_10_GDP(1.0),01/09/23 11:00:00,A,CP_MEUR,B1GQ,LU,2013,49094.5,
ESTAT:NAMA_10_GDP(1.0),01/09/23 11:00:00,A,CP_MEUR,B1GQ,LU,2014,51791.3,
ESTAT:NAMA_10_GDP(1.0),01/09/23 11:00:00,A,CP_MEUR,B1GQ,LU,2015,54142.3,
ESTAT:NAMA_10_GDP(1.0),01/09/23 11:00:00,A,CP_MEUR,B1GQ,LU,2016,56208.1,
ESTAT:NAMA_10_GDP(1.0),01/09/23 11:00:00,A,CP_MEUR,B1GQ,LU,2017,58168.8,
ESTAT:NAMA_10_GDP(1.0),01/09/23 11:00:00,A,CP_MEUR,B1GQ,LU,2018,60121.2,
ESTAT:NAMA_10_GDP(1.0),01/09/23 11:00:00,A,CP_MEUR,B1GQ,LU,2019,62373.6,
ESTAT:NAMA_10_GDP(1.0),01/09/23 11:00:00,A,CP_MEUR,B1GQ,LU,2020,64781.0,
ESTAT:NAMA_10_GDP(1.0),01/09/23 11:00:00,A,CP_MEUR,B1GQ,LU,2021,72295.0,
ESTAT:NAMA_10_GDP(1.0),01/09/23 11:00:00,A,CP_MEUR,B1GQ,LU,2022,78130.1,p
ESTAT:NAMA_10_GDP(1.0),01/09/23 11:00:00,A,CP_MEUR,B1GQ,LV,2001,9374.4,
ESTAT:NAMA_10_GDP(1.0),01/09/23 11:00:00,A,CP_MEUR,B1GQ,LV,2002,10168.7,
ESTAT:NAMA_10_GDP(1.0),01/09/23 11:00:00,A,CP_MEUR,B1GQ,LV,2003,10499.6,
ESTAT:NAMA_10_GDP(1.0),01/09/23 11:00:00,A,CP_MEUR,B1GQ,LV,2004,11724.0,
ESTAT:NAMA_10_GDP(1.0),01/09/23 11:00:00,A,CP_MEUR,B1GQ,LV,2005,13791.9,
ESTAT:NAMA_10_GDP(1.0),01/09/23 11:00:00,A,CP_MEUR,B1GQ,LV,2006,17363.1,
ESTAT:NAMA_10_GDP(1.0),01/09/23 11:00:00,A,CP_MEUR,B1GQ,LV,2007,22791.5,
ESTAT:NAMA_10_GDP(1.0),01/09/23 11:00:00,A,CP_MEUR,B1GQ,LV,2008,24531.5,
ESTAT:NAMA_10_GDP(1.0),01/09/23 11:00:00,A,CP_MEUR,B1GQ,LV,2009,18922.0,
ESTAT:NAMA_10_GDP(1.0),01/09/23 11:00:00,A,CP_MEUR,B1GQ,LV,2010,17937.5,
ESTAT:NAMA_10_GDP(1.0),01/09/23 11:00:00,A,CP_MEUR,B1GQ,LV,2011,19666.0,
ESTAT:NAMA_10_GDP(1.0),01/09/23 11:00:00,A,CP_MEUR,B1GQ,LV,2012,22097.5,
ESTAT:NAMA_10_GDP(1.0),01/09/23 11:00:00,A,CP_MEUR,B1GQ,LV,2013,22791.3,
ESTAT:NAMA_10_GDP(1.0),01/09/23 11:00:00,A,CP_MEUR,B1GQ,LV,2014,23625.8,
ESTAT:NAMA_10_GDP(1.0),01/09/23 11:00:00,A,CP_MEUR,B1GQ,LV,2015,24572.1,
ESTAT:NAMA_10_GDP(1.0),01/09/23 11:00:00,A,CP_MEUR,B1GQ,LV,2016,25371.3,
ESTAT:NAMA_10_GDP(1.0),01/09/23 11:00:00,A,CP_MEUR,B1GQ,LV,2017,26984.4,
ESTAT:NAMA_10_GDP(1.0),01/09/23 11:00:00,A,CP_MEUR,B1GQ,LV,2018,29153.6,
ESTAT:NAMA_10_GDP(1.0),01/09/23 11:00:00,A,CP_MEUR,B1GQ,LV,2019,30678.6,
ESTAT:NAMA_10_GDP(1.0),01/09/23 11:00:00,A,CP_MEUR,B1GQ,LV,2020,30265.1,
ESTAT:NAMA_10_GDP(1.0),01/09/23 11:00:00,A,CP_MEUR,B1GQ,LV,2021,33616.5,
ESTAT:NAMA_10_GDP(1.0),01/09/23 11:00:00,A,CP_MEUR,B1GQ,LV,2022,39062.5,
ESTAT:NAMA_10_GDP(1.0),01/09/23 11:00:00,A,CP_MEUR,B1GQ,ME,2006,2169.6,
ESTAT:NAMA_10_GDP(1.0),01/09/23 11:00:00,A,CP_MEUR,B1GQ,ME,2007,2689.1,
ESTAT:NAMA_10_GDP(1.0),01/09/23 11:00:00,A,CP_MEUR,B1GQ,ME,2008,3103.3,
ESTAT:NAMA_10_GDP(1.0),01/09/23 11:00:00,A,CP_MEUR,B1GQ,ME,2009,2993.9,
ESTAT:NAMA_10_GDP(1.0),01/09/23 11:00:00,A,CP_MEUR,B1GQ,ME,2010,3125.1,
ESTAT:NAMA_10_GDP(1.0),01/09/23 11:00:00,A,CP_MEUR,B1GQ,ME,2011,3264.8,
ESTAT:NAMA_10_GDP(1.0),01/09/23 11:00:00,A,CP_MEUR,B1GQ,ME,2012,3181.5,
ESTAT:NAMA_10_GDP(1.0),01/09/23 11:00:00,A,CP_MEUR,B1GQ,ME,2013,3362.5,
ESTAT:NAMA_10_GDP(1.0),01/09/23 11:00:00,A,CP_MEUR,B1GQ,ME,2014,3457.9,
ESTAT:NAMA_10_GDP(1.0),01/09/23 11:00:00,A,CP_MEUR,B1GQ,ME,2015,3654.5,
ESTAT:NAMA_10_GDP(1.0),01/09/23 11:00:00,A,CP_MEUR,B1GQ,ME,2016,3954.2,
ESTAT:NAMA_10_GDP(1.0),01/09/23 11:00:00,A,CP_MEUR,B1GQ,ME,2017,4299.1,
ESTAT:NAMA_10_GDP(1.0),01/09/23 11:00:00,A,CP_MEUR,B1GQ,ME,2018,4663.1,
ESTAT:NAMA_10_GDP(1.0),01/09/23 11:00:00,A,CP_MEUR,B1GQ,ME,2019,4950.7,
ESTAT:NAMA_10_GDP(1.0),01/09/23 11:00:00,A,CP_MEUR,B1GQ,ME,2020,4185.6,
ESTAT:NAMA_10_GDP(1.0),01/09/23 11:00:00,A,CP_MEUR,B1GQ,ME,2021,4955.1,
ESTAT:NAMA_10_GDP(1.0),01/09/23 11:00:00,A,CP_MEUR,B1GQ,ME,2022,5796.8,p
ESTAT:NAMA_10_GDP(1.0),01/09/23 11:00:00,A,CP_MEUR,B1GQ,MK,2001,4143.5,
ESTAT:NAMA_10_GDP(1.0),01/09/23 11:00:00,A,CP_MEUR,B1GQ,MK,2002,4240.5,
ESTAT:NAMA_10_GDP(1.0),01/09/23 11:00:00,A,CP_MEUR,B1GQ,MK,2003,4385.9,
ESTAT:NAMA_10_GDP(1.0),01/09/23 11:00:00,A,CP_MEUR,B1GQ,MK,2004,4577.7,
ESTAT:NAMA_10_GDP(1.0),01/09/23 11:00:00,A,CP_MEUR,B1GQ,MK,2005,5032.0,
ESTAT:NAMA_10_GDP(1.0),01/09/23 11:00:00,A,CP_MEUR,B1GQ,MK,2006,5472.2,
ESTAT:NAMA_10_GDP(1.0),01/09/23 11:00:00,A,CP_MEUR,B1GQ,MK,2007,6094.5,
ESTAT:NAMA_10_GDP(1.0),01/09/23 11:00:00,A,CP_MEUR,B1GQ,MK,2008,6772.1,
ESTAT:NAMA_10_GDP(1.0),01/09/23 11:00:00,A,CP_MEUR,B1GQ,MK,2009,6766.5,
ESTAT:NAMA_10_GDP(1.0),01/09/23 11:00:00,A,CP_MEUR,B1GQ,MK,2010,7108.3,
ESTAT:NAMA_10_GDP(1.0),01/09/23 11:00:00,A,CP_MEUR,B1GQ,MK,2011,7544.2,
ESTAT:NAMA_10_GDP(1.0),01/09/23 11:00:00,A,CP_MEUR,B1GQ,MK,2012,7584.8,
ESTAT:NAMA_10_GDP(1.0),01/09/23 11:00:00,A,CP_MEUR,B1GQ,MK,2013,8149.6,
ESTAT:NAMA_10_GDP(1.0),01/09/23 11:00:00,A,CP_MEUR,B1GQ,MK,2014,8562.0,
ESTAT:NAMA_10_GDP(1.0),01/09/23 11:00:00,A,CP_MEUR,B1GQ,MK,2015,9072.3,
ESTAT:NAMA_10_GDP(1.0),01/09/23 11:00:00,A,CP_MEUR,B1GQ,MK,2016,9656.5,
ESTAT:NAMA_10_GDP(1.0),01/09/23 11:00:00,A,CP_MEUR,B1GQ,MK,2017,10038.3,
ESTAT:NAMA_10_GDP(1.0),01/09/23 11:00:00,A,CP_MEUR,B1GQ,MK,2018,10744.0,
ESTAT:NAMA_10_GDP(1.0),01/09/23 11:00:00,A,CP_MEUR,B1GQ,MK,2019,11262.0,
ESTAT:NAMA_10_GDP(1.0),01/09/23 11:00:00,A,CP_MEUR,B1GQ,MK,2020,10851.7,
ESTAT:NAMA_10_GDP(1.0),01/09/23 11:00:00,A,CP_MEUR,B1GQ,MK,2021,11688.2,p
ESTAT:NAMA_10_GDP(1.0),01/09/23 11:00:00,A,CP_MEUR,B1GQ,MK,2022,12897.8,e
ESTAT:NAMA_10_GDP(1.0),01/09/23 11:00:00,A,CP_MEUR,B1GQ,MT,2001,4565.5,
ESTAT:NAMA_10_GDP(1.0),01/09/23 11:00:00,A,CP_MEUR,B1GQ,MT,2002,4740.9,
ESTAT:NAMA_10_GDP(1.0),01/09/23 11:00:00,A,CP_MEUR,B1GQ,MT,2003,4823.5,
ESTAT:NAMA_10_GDP(1.0),01/09/23 11:00:00,A,CP_MEUR,B1GQ,MT,2004,4910.4,
ESTAT:NAMA_10_GDP(1.0),01/09/23 11:00:00,A,CP_MEUR,B1GQ,MT,2005,5152.1,
ESTAT:NAMA_10_GDP(1.0),01/09/23 11:00:00,A,CP_MEUR,B1GQ,MT,2006,5403.0,
ESTAT:NAMA_10_GDP(1.0),01/09/23 11:00:00,A,CP_MEUR,B1GQ,MT,2007,5790.3,
ESTAT:NAMA_10_GDP(1.0),01/09/23 11:00:00,A,CP_MEUR,B1GQ,MT,2008,6206.0,
ESTAT:NAMA_10_GDP(1.0),01/09/23 11:00:00,A,CP_MEUR,B1GQ,MT,2009,6259.6,
ESTAT:NAMA_10_GDP(1.0),01/09/23 11:00:00,A,CP_MEUR,B1GQ,MT,2010,6815.8,
ESTAT:NAMA_10_GDP(1.0),01/09/23 11:00:00,A,CP_MEUR,B1GQ,MT,2011,6924.6,
ESTAT:NAMA_10_GDP(1.0),01/09/23 11:00:00,A,CP_MEUR,B1GQ,MT,2012,7364.5,
ESTAT:NAMA_10_GDP(1.0),01/09/23 11:00:00,A,CP_MEUR,B1GQ,MT,2013,7944.3,
ESTAT:NAMA_10_GDP(1.0),01/09/23 11:00:00,A,CP_MEUR,B1GQ,MT,2014,8751.1,
ESTAT:NAMA_10_GDP(1.0),01/09/23 11:00:00,A,CP_MEUR,B1GQ,MT,2015,9996.7,
ESTAT:NAMA_10_GDP(1.0),01/09/23 11:00:00,A,CP_MEUR,B1GQ,MT,2016,10541.1,
ESTAT:NAMA_10_GDP(1.0),01/09/23 11:00:00,A,CP_MEUR,B1GQ,MT,2017,11936.6,
ESTAT:NAMA_10_GDP(1.0),01/09/23 11:00:00,A,CP_MEUR,B1GQ,MT,2018,12977.2,
ESTAT:NAMA_10_GDP(1.0),01/09/23 11:00:00,A,CP_MEUR,B1GQ,MT,2019,14186.4,
ESTAT:NAMA_10_GDP(1.0),01/09/23 11:00:00,A,CP_MEUR,B1GQ,MT,2020,13180.9,
ESTAT:NAMA_10_GDP(1.0),01/09/23 11:00:00,A,CP_MEUR,B1GQ,MT,2021,15011.5,
ESTAT:NAMA_10_GDP(1.0),01/09/23 11:00:00,A,CP_MEUR,B1GQ,MT,2022,16922.6,
ESTAT:NAMA_10_GDP(1.0),01/09/23 11:00:00,A,CP_MEUR,B1GQ,NL,2001,481881.0,
ESTAT:NAMA_10_GDP(1.0),01/09/23 11:00:00,A,CP_MEUR,B1GQ,NL,2002,501137.0,
ESTAT:NAMA_10_GDP(1.0),01/09/23 11:00:00,A,CP_MEUR,B1GQ,NL,2003,512810.0,
ESTAT:NAMA_10_GDP(1.0),01/09/23 11:00:00,A,CP_MEUR,B1GQ,NL,2004,529286.0,
ESTAT:NAMA_10_GDP(1.0),01/09/23 11:00:00,A,CP_MEUR,B1GQ,NL,2005,550883.0,
ESTAT:NAMA_10_GDP(1.0),01/09/23 11:00:00,A,CP_MEUR,B1GQ,NL,2006,584546.0,
ESTAT:NAMA_10_GDP(1.0),01/09/23 11:00:00,A,CP_MEUR,B1GQ,NL,2007,619170.0,
ESTAT:NAMA_10_GDP(1.0),01/09/23 11:00:00,A,CP_MEUR,B1GQ,NL,2008,647198.0,
ESTAT:NAMA_10_GDP(1.0),01/09/23 11:00:00,A,CP_MEUR,B1GQ,NL,2009,624842.0,
ESTAT:NAMA_10_GDP(1.0),01/09/23 11:00:00,A,CP_MEUR,B1GQ,NL,2010,639187.0,
ESTAT:NAMA_10_GDP(1.0),01/09/23 11:00:00,A,CP_MEUR,B1GQ,NL,2011,650359.0,
ESTAT:NAMA_10_GDP(1.0),01/09/23 11:00:00,A,CP_MEUR,B1GQ,NL,2012,652966.0,
ESTAT:NAMA_10_GDP(1.0),01/09/23 11:00:00,A,CP_MEUR,B1GQ,NL,2013,660463.0,
ESTAT:NAMA_10_GDP(1.0),01/09/23 11:00:00,A,CP_MEUR,B1GQ,NL,2014,671560.0,
ESTAT:NAMA_10_GDP(1.0),01/09/23 11:00:00,A,CP_MEUR,B1GQ,NL,2015,690008.0,
ESTAT:NAMA_10_GDP(1.0),01/09/23 11:00:00,A,CP_MEUR,B1GQ,NL,2016,708337.0,
ESTAT:NAMA_10_GDP(1.0),01/09/23 11:00:00,A,CP_MEUR,B1GQ,NL,2017,738146.0,
ESTAT:NAMA_10_GDP(1.0),01/09/23 11:00:00,A,CP_MEUR,B1GQ,NL,2018,773987.0,
ESTAT:NAMA_10_GDP(1.0),01/09/23 11:00:00,A,CP_MEUR,B1GQ,NL,2019,813055.0,
ESTAT:NAMA_10_GDP(1.0),01/09/23 11:00:00,A,CP_MEUR,B1GQ,NL,2020,796530.0,
ESTAT:NAMA_10_GDP(1.0),01/09/23 11:00:00,A,CP_MEUR,B1GQ,NL,2021,870587.0,
ESTAT:NAMA_10_GDP(1.0),01/09/23 11:00:00,A,CP_MEUR,B1GQ,NL,2022,958549.0,p
ESTAT:NAMA_10_GDP(1.0),01/09/23 11:00:00,A,CP_MEUR,B1GQ,NO,2001,194660.8,
ESTAT:NAMA_10_GDP(1.0),01/09/23 11:00:00,A,CP_MEUR,B1GQ,NO,2002,208313.8,
ESTAT:NAMA_10_GDP(1.0),01/09/23 11:00:00,A,CP_MEUR,B1GQ,NO,2003,202928.2,
ESTAT:NAMA_10_GDP(1.0),01/09/23 11:00:00,A,CP_MEUR,B1GQ,NO,2004,213642.4,
ESTAT:NAMA_10_GDP(1.0),01/09/23 11:00:00,A,CP_MEUR,B1GQ,NO,2005,249342.9,
ESTAT:NAMA_10_GDP(1.0),01/09/23 11:00:00,A,CP_MEUR,B1GQ,NO,2006,276477.7,
ESTAT:NAMA_10_GDP(1.0),01/09/23 11:00:00,A,CP_MEUR,B1GQ,NO,2007,294414.5,
ESTAT:NAMA_10_GDP(1.0),01/09/23 11:00:00,A,CP_MEUR,B1GQ,NO,2008,318851.0,
ESTAT:NAMA_10_GDP(1.0),01/09/23 11:00:00,A,CP_MEUR,B1GQ,NO,2009,279533.4,
ESTAT:NAMA_10_GDP(1.0),01/09/23 11:00:00,A,CP_MEUR,B1GQ,NO,2010,325493.9,
ESTAT:NAMA_10_GDP(1.0),01/09/23 11:00:00,A,CP_MEUR,B1GQ,NO,2011,360552.4,
ESTAT:NAMA_10_GDP(1.0),01/09/23 11:00:00,A,CP_MEUR,B1GQ,NO,2012,399069.2,
ESTAT:NAMA_10_GDP(1.0),01/09/23 11:00:00,A,CP_MEUR,B1GQ,NO,2013,395856.8,
ESTAT:NAMA_10_GDP(1.0),01/09/23 11:00:00,A,CP_MEUR,B1GQ,NO,2014,378456.4,
ESTAT:NAMA_10_GDP(1.0),01/09/23 11:00:00,A,CP_MEUR,B1GQ,NO,2015,349756.7,
ESTAT:NAMA_10_GDP(1.0),01/09/23 11:00:00,A,CP_MEUR,B1GQ,NO,2016,335396.5,
ESTAT:NAMA_10_GDP(1.0),01/09/23 11:00:00,A,CP_MEUR,B1GQ,NO,2017,356288.5,
ESTAT:NAMA_10_GDP(1.0),01/09/23 11:00:00,A,CP_MEUR,B1GQ,NO,2018,372657.6,
ESTAT:NAMA_10_GDP(1.0),01/09/23 11:00:00,A,CP_MEUR,B1GQ,NO,2019,365130.5,
ESTAT:NAMA_10_GDP(1.0),01/09/23 11:00:00,A,CP_MEUR,B1GQ,NO,2020,322823.8,
ESTAT:NAMA_10_GDP(1.0),01/09/23 11:00:00,A,CP_MEUR,B1GQ,NO,2021,414394.9,
ESTAT:NAMA_10_GDP(1.0),01/09/23 11:00:00,A,CP_MEUR,B1GQ,NO,2022,551408.9,
ESTAT:NAMA_10_GDP(1.0),01/09/23 11:00:00,A,CP_MEUR,B1GQ,PL,2001,212834.1,
ESTAT:NAMA_10_GDP(1.0),01/09/23 11:00:00,A,CP_MEUR,B1GQ,PL,2002,210560.0,
ESTAT:NAMA_10_GDP(1.0),01/09/23 11:00:00,A,CP_MEUR,B1GQ,PL,2003,192552.1,
ESTAT:NAMA_10_GDP(1.0),01/09/23 11:00:00,A,CP_MEUR,B1GQ,PL,2004,206126.0,
ESTAT:NAMA_10_GDP(1.0),01/09/23 11:00:00,A,CP_MEUR,B1GQ,PL,2005,246216.8,
ESTAT:NAMA_10_GDP(1.0),01/09/23 11:00:00,A,CP_MEUR,B1GQ,PL,2006,274501.7,
ESTAT:NAMA_10_GDP(1.0),01/09/23 11:00:00,A,CP_MEUR,B1GQ,PL,2007,313848.3,
ESTAT:NAMA_10_GDP(1.0),01/09/23 11:00:00,A,CP_MEUR,B1GQ,PL,2008,366040.5,
ESTAT:NAMA_10_GDP(1.0),01/09/23 11:00:00,A,CP_MEUR,B1GQ,PL,2009,317040.6,
ESTAT:NAMA_10_GDP(1.0),01/09/23 11:00:00,A,CP_MEUR,B1GQ,PL,2010,359067.8,
ESTAT:NAMA_10_GDP(1.0),01/09/23 11:00:00,A,CP_MEUR,B1GQ,PL,2011,377042.4,
ESTAT:NAMA_10_GDP(1.0),01/09/23 11:00:00,A,CP_MEUR,B1GQ,PL,2012,385389.4,
ESTAT:NAMA_10_GDP(1.0),01/09/23 11:00:00,A,CP_MEUR,B1GQ,PL,2013,388356.4,
ESTAT:NAMA_10_GDP(1.0),01/09/23 11:00:00,A,CP_MEUR,B1GQ,PL,2014,406412.5,
ESTAT:NAMA_10_GDP(1.0),01/09/23 11:00:00,A,CP_MEUR,B1GQ,PL,2015,429834.6,
ESTAT:NAMA_10_GDP(1.0),01/09/23 11:00:00,A,CP_MEUR,B1GQ,PL,2016,424735.3,
ESTAT:NAMA_10_GDP(1.0),01/09/23 11:00:00,A,CP_MEUR,B1GQ,PL,2017,465772.6,
ESTAT:NAMA_10_GDP(1.0),01/09/23 11:00:00,A,CP_MEUR,B1GQ,PL,2018,499004.1,
ESTAT:NAMA_10_GDP(1.0),01/09/23 11:00:00,A,CP_MEUR,B1GQ,PL,2019,532504.7,
ESTAT:NAMA_10_GDP(1.0),01/09/23 11:00:00,A,CP_MEUR,B1GQ,PL,2020,526147.2,
ESTAT:NAMA_10_GDP(1.0),01/09/23 11:00:00,A,CP_MEUR,B1GQ,PL,2021,576382.6,
ESTAT:NAMA_10_GDP(1.0),01/09/23 11:00:00,A,CP_MEUR,B1GQ,PL,2022,656905.5,
ESTAT:NAMA_10_GDP(1.0),01/09/23 11:00:00,A,CP_MEUR,B1GQ,PT,2001,135775.0,
ESTAT:NAMA_10_GDP(1.0),01/09/23 11:00:00,A,CP_MEUR,B1GQ,PT,2002,142554.3,
ESTAT:NAMA_10_GDP(1.0),01/09/23 11:00:00,A,CP_MEUR,B1GQ,PT,2003,146067.9,
ESTAT:NAMA_10_GDP(1.0),01/09/23 11:00:00,A,CP_MEUR,B1GQ,PT,2004,152248.4,
ESTAT:NAMA_10_GDP(1.0),01/09/23 11:00:00,A,CP_MEUR,B1GQ,PT,2005,158552.7,
ESTAT:NAMA_10_GDP(1.0),01/09/23 11:00:00,A,CP_MEUR,B1GQ,PT,2006,166260.5,
ESTAT:NAMA_10_GDP(1.0),01/09/23 11:00:00,A,CP_MEUR,B1GQ,PT,2007,175483.4,
ESTAT:NAMA_10_GDP(1.0),01/09/23 11:00:00,A,CP_MEUR,B1GQ,PT,2008,179102.8,
ESTAT:NAMA_10_GDP(1.0),01/09/23 11:00:00,A,CP_MEUR,B1GQ,PT,2009,175416.4,
ESTAT:NAMA_10_GDP(1.0),01/09/23 11:00:00,A,CP_MEUR,B1GQ,PT,2010,179610.8,
ESTAT:NAMA_10_GDP(1.0),01/09/23 11:00:00,A,CP_MEUR,B1GQ,PT,2011,176096.2,
ESTAT:NAMA_10_GDP(1.0),01/09/23 11:00:00,A,CP_MEUR,B1GQ,PT,2012,168295.6,
ESTAT:NAMA_10_GDP(1.0),01/09/23 11:00:00,A,CP_MEUR,B1GQ,PT,2013,170492.3,
ESTAT:NAMA_10_GDP(1.0),01/09/23 11:00:00,A,CP_MEUR,B1GQ,PT,2014,173053.7,
ESTAT:NAMA_10_GDP(1.0),01/09/23 11:00:00,A,CP_MEUR,B1GQ,PT,2015,179713.2,
ESTAT:NAMA_10_GDP(1.0),01/09/23 11:00:00,A,CP_MEUR,B1GQ,PT,2016,186489.8,
ESTAT:NAMA_10_GDP(1.0),01/09/23 11:00:00,A,CP_MEUR,B1GQ,PT,2017,195947.2,
ESTAT:NAMA_10_GDP(1.0),01/09/23 11:00:00,A,CP_MEUR,B1GQ,PT,2018,205184.1,
ESTAT:NAMA_10_GDP(1.0),01/09/23 11:00:00,A,CP_MEUR,B1GQ,PT,2019,214374.6,
ESTAT:NAMA_10_GDP(1.0),01/09/23 11:00:00,A,CP_MEUR,B1GQ,PT,2020,200518.9,
ESTAT:NAMA_10_GDP(1.0),01/09/23 11:00:00,A,CP_MEUR,B1GQ,PT,2021,214741.0,p
ESTAT:NAMA_10_GDP(1.0),01/09/23 11:00:00,A,CP_MEUR,B1GQ,PT,2022,239240.7,p
ESTAT:NAMA_10_GDP(1.0),01/09/23 11:00:00,A,CP_MEUR,B1GQ,RO,2001,45143.6,
ESTAT:NAMA_10_GDP(1.0),01/09/23 11:00:00,A,CP_MEUR,B1GQ,RO,2002,48695.7,
ESTAT:NAMA_10_GDP(1.0),01/09/23 11:00:00,A,CP_MEUR,B1GQ,RO,2003,51108.5,
ESTAT:NAMA_10_GDP(1.0),01/09/23 11:00:00,A,CP_MEUR,B1GQ,RO,2004,60402.0,
ESTAT:NAMA_10_GDP(1.0),01/09/23 11:00:00,A,CP_MEUR,B1GQ,RO,2005,79223.9,
ESTAT:NAMA_10_GDP(1.0),01/09/23 11:00:00,A,CP_MEUR,B1GQ,RO,2006,97215.6,
ESTAT:NAMA_10_GDP(1.0),01/09/23 11:00:00,A,CP_MEUR,B1GQ,RO,2007,127632.0,
ESTAT:NAMA_10_GDP(1.0),01/09/23 11:00:00,A,CP_MEUR,B1GQ,RO,2008,146590.6,
ESTAT:NAMA_10_GDP(1.0),01/09/23 11:00:00,A,CP_MEUR,B1GQ,RO,2009,125213.9,
ESTAT:NAMA_10_GDP(1.0),01/09/23 11:00:00,A,CP_MEUR,B1GQ,RO,2010,128278.9,
ESTAT:NAMA_10_GDP(1.0),01/09/23 11:00:00,A,CP_MEUR,B1GQ,RO,2011,138520.7,
ESTAT:NAMA_10_GDP(1.0),01/09/23 11:00:00,A,CP_MEUR,B1GQ,RO,2012,139319.8,
ESTAT:NAMA_10_GDP(1.0),01/09/23 11:00:00,A,CP_MEUR,B1GQ,RO,2013,142928.9,
ESTAT:NAMA_10_GDP(1.0),01/09/23 11:00:00,A,CP_MEUR,B1GQ,RO,2014,150522.4,
ESTAT:NAMA_10_GDP(1.0),01/09/23 11:00:00,A,CP_MEUR,B1GQ,RO,2015,160287.8,
ESTAT:NAMA_10_GDP(1.0),01/09/23 11:00:00,A,CP_MEUR,B1GQ,RO,2016,167494.3,
ESTAT:NAMA_10_GDP(1.0),01/09/23 11:00:00,A,CP_MEUR,B1GQ,RO,2017,186399.0,
ESTAT:NAMA_10_GDP(1.0),01/09/23 11:00:00,A,CP_MEUR,B1GQ,RO,2018,206071.9,
ESTAT:NAMA_10_GDP(1.0),01/09/23 11:00:00,A,CP_MEUR,B1GQ,RO,2019,224178.6,
ESTAT:NAMA_10_GDP(1.0),01/09/23 11:00:00,A,CP_MEUR,B1GQ,RO,2020,220486.6,
ESTAT:NAMA_10_GDP(1.0),01/09/23 11:00:00,A,CP_MEUR,B1GQ,RO,2021,241268.4,p
ESTAT:NAMA_10_GDP(1.0),01/09/23 11:00:00,A,CP_MEUR,B1GQ,RO,2022,285884.8,p
ESTAT:NAMA_10_GDP(1.0),01/09/23 11:00:00,A,CP_MEUR,B1GQ,RS,2001,14584.5,
ESTAT:NAMA_10_GDP(1.0),01/09/23 11:00:00,A,CP_MEUR,B1GQ,RS,2002,18165.8,
ESTAT:NAMA_10_GDP(1.0),01/09/23 11:00:00,A,CP_MEUR,B1GQ,RS,2003,19882.0,
ESTAT:NAMA_10_GDP(1.0),01/09/23 11:00:00,A,CP_MEUR,B1GQ,RS,2004,20995.0,
ESTAT:NAMA_10_GDP(1.0),01/09/23 11:00:00,A,CP_MEUR,B1GQ,RS,2005,22253.8,
ESTAT:NAMA_10_GDP(1.0),01/09/23 11:00:00,A,CP_MEUR,B1GQ,RS,2006,25930.7,
ESTAT:NAMA_10_GDP(1.0),01/09/23 11:00:00,A,CP_MEUR,B1GQ,RS,2007,31557.9,
ESTAT:NAMA_10_GDP(1.0),01/09/23 11:00:00,A,CP_MEUR,B1GQ,RS,2008,35712.5,
ESTAT:NAMA_10_GDP(1.0),01/09/23 11:00:00,A,CP_MEUR,B1GQ,RS,2009,32486.2,
ESTAT:NAMA_10_GDP(1.0),01/09/23 11:00:00,A,CP_MEUR,B1GQ,RS,2010,31545.8,
ESTAT:NAMA_10_GDP(1.0),01/09/23 11:00:00,A,CP_MEUR,B1GQ,RS,2011,35431.7,
ESTAT:NAMA_10_GDP(1.0),01/09/23 11:00:00,A,CP_MEUR,B1GQ,RS,2012,33679.3,
ESTAT:NAMA_10_GDP(1.0),01/09/23 11:00:00,A,CP_MEUR,B1GQ,RS,2013,36426.7,
ESTAT:NAMA_10_GDP(1.0),01/09/23 11:00:00,A,CP_MEUR,B1GQ,RS,2014,35467.5,
ESTAT:NAMA_10_GDP(1.0),01/09/23 11:00:00,A,CP_MEUR,B1GQ,RS,2015,35740.2,
ESTAT:NAMA_10_GDP(1.0),01/09/23 11:00:00,A,CP_MEUR,B1GQ,RS,2016,36779.3,
ESTAT:NAMA_10_GDP(1.0),01/09/23 11:00:00,A,CP_MEUR,B1GQ,RS,2017,39235.3,
ESTAT:NAMA_10_GDP(1.0),01/09/23 11:00:00,A,CP_MEUR,B1GQ,RS,2018,42892.2,
ESTAT:NAMA_10_GDP(1.0),01/09/23 11:00:00,A,CP_MEUR,B1GQ,RS,2019,46005.4,
ESTAT:NAMA_10_GDP(1.0),01/09/23 11:00:00,A,CP_MEUR,B1GQ,RS,2020,46815.3,
ESTAT:NAMA_10_GDP(1.0),01/09/23 11:00:00,A,CP_MEUR,B1GQ,RS,2021,53329.3,
ESTAT:NAMA_10_GDP(1.0),01/09/23 11:00:00,A,CP_MEUR,B1GQ,RS,2022,60367.9,p
ESTAT:NAMA_10_GDP(1.0),01/09/23 11:00:00,A,CP_MEUR,B1GQ,SE,2001,270524.5,
ESTAT:NAMA_10_GDP(1.0),01/09/23 11:00:00,A,CP_MEUR,B1GQ,SE,2002,283627.1,
ESTAT:NAMA_10_GDP(1.0),01/09/23 11:00:00,A,CP_MEUR,B1GQ,SE,2003,296305.5,
ESTAT:NAMA_10_GDP(1.0),01/09/23 11:00:00,A,CP_MEUR,B1GQ,SE,2004,310182.0,
ESTAT:NAMA_10_GDP(1.0),01/09/23 11:00:00,A,CP_MEUR,B1GQ,SE,2005,315774.8,
ESTAT:NAMA_10_GDP(1.0),01/09/23 11:00:00,A,CP_MEUR,B1GQ,SE,2006,337317.2,
ESTAT:NAMA_10_GDP(1.0),01/09/23 11:00:00,A,CP_MEUR,B1GQ,SE,2007,358945.1,
ESTAT:NAMA_10_GDP(1.0),01/09/23 11:00:00,A,CP_MEUR,B1GQ,SE,2008,354881.1,
ESTAT:NAMA_10_GDP(1.0),01/09/23 11:00:00,A,CP_MEUR,B1GQ,SE,2009,314637.5,
ESTAT:NAMA_10_GDP(1.0),01/09/23 11:00:00,A,CP_MEUR,B1GQ,SE,2010,374695.2,
ESTAT:NAMA_10_GDP(1.0),01/09/23 11:00:00,A,CP_MEUR,B1GQ,SE,2011,412844.7,
ESTAT:NAMA_10_GDP(1.0),01/09/23 11:00:00,A,CP_MEUR,B1GQ,SE,2012,430037.1,
ESTAT:NAMA_10_GDP(1.0),01/09/23 11:00:00,A,CP_MEUR,B1GQ,SE,2013,441850.7,
ESTAT:NAMA_10_GDP(1.0),01/09/23 11:00:00,A,CP_MEUR,B1GQ,SE,2014,438833.9,
ESTAT:NAMA_10_GDP(1.0),01/09/23 11:00:00,A,CP_MEUR,B1GQ,SE,2015,455494.7,
ESTAT:NAMA_10_GDP(1.0),01/09/23 11:00:00,A,CP_MEUR,B1GQ,SE,2016,466266.5,
ESTAT:NAMA_10_GDP(1.0),01/09/23 11:00:00,A,CP_MEUR,B1GQ,SE,2017,480025.5,
ESTAT:NAMA_10_GDP(1.0),01/09/23 11:00:00,A,CP_MEUR,B1GQ,SE,2018,470673.1,
ESTAT:NAMA_10_GDP(1.0),01/09/23 11:00:00,A,CP_MEUR,B1GQ,SE,2019,476869.5,
ESTAT:NAMA_10_GDP(1.0),01/09/23 11:00:00,A,CP_MEUR,B1GQ,SE,2020,480556.4,
ESTAT:NAMA_10_GDP(1.0),01/09/23 11:00:00,A,CP_MEUR,B1GQ,SE,2021,540734.0,
ESTAT:NAMA_10_GDP(1.0),01/09/23 11:00:00,A,CP_MEUR,B1GQ,SE,2022,562526.3,
ESTAT:NAMA_10_GDP(1.0),01/09/23 11:00:00,A,CP_MEUR,B1GQ,SI,2001,23249.1,
ESTAT:NAMA_10_GDP(1.0),01/09/23 11:00:00,A,CP_MEUR,B1GQ,SI,2002,24972.4,
ESTAT:NAMA_10_GDP(1.0),01/09/23 11:00:00,A,CP_MEUR,B1GQ,SI,2003,26247.5,
ESTAT:NAMA_10_GDP(1.0),01/09/23 11:00:00,A,CP_MEUR,B1GQ,SI,2004,27692.0,
ESTAT:NAMA_10_GDP(1.0),01/09/23 11:00:00,A,CP_MEUR,B1GQ,SI,2005,29122.3,
ESTAT:NAMA_10_GDP(1.0),01/09/23 11:00:00,A,CP_MEUR,B1GQ,SI,2006,31476.1,
ESTAT:NAMA_10_GDP(1.0),01/09/23 11:00:00,A,CP_MEUR,B1GQ,SI,2007,35073.5,
ESTAT:NAMA_10_GDP(1.0),01/09/23 11:00:00,A,CP_MEUR,B1GQ,SI,2008,37925.7,
ESTAT:NAMA_10_GDP(1.0),01/09/23 11:00:00,A,CP_MEUR,B1GQ,SI,2009,36254.9,
ESTAT:NAMA_10_GDP(1.0),01/09/23 11:00:00,A,CP_MEUR,B1GQ,SI,2010,36363.9,
ESTAT:NAMA_10_GDP(1.0),01/09/23 11:00:00,A,CP_MEUR,B1GQ,SI,2011,37058.6,
ESTAT:NAMA_10_GDP(1.0),01/09/23 11:00:00,A,CP_MEUR,B1GQ,SI,2012,36253.3,
ESTAT:NAMA_10_GDP(1.0),01/09/23 11:00:00,A,CP_MEUR,B1GQ,SI,2013,36454.3,
ESTAT:NAMA_10_GDP(1.0),01/09/23 11:00:00,A,CP_MEUR,B1GQ,SI,2014,37634.3,
ESTAT:NAMA_10_GDP(1.0),01/09/23 11:00:00,A,CP_MEUR,B1GQ,SI,2015,38852.6,
ESTAT:NAMA_10_GDP(1.0),01/09/23 11:00:00,A,CP_MEUR,B1GQ,SI,2016,40443.2,
ESTAT:NAMA_10_GDP(1.0),01/09/23 11:00:00,A,CP_MEUR,B1GQ,SI,2017,43011.3,
ESTAT:NAMA_10_GDP(1.0),01/09/23 11:00:00,A,CP_MEUR,B1GQ,SI,2018,45876.3,
ESTAT:NAMA_10_GDP(1.0),01/09/23 11:00:00,A,CP_MEUR,B1GQ,SI,2019,48533.1,
ESTAT:NAMA_10_GDP(1.0),01/09/23 11:00:00,A,CP_MEUR,B1GQ,SI,2020,47020.6,
ESTAT:NAMA_10_GDP(1.0),01/09/23 11:00:00,A,CP_MEUR,B1GQ,SI,2021,52208.1,
ESTAT:NAMA_10_GDP(1.0),01/09/23 11:00:00,A,CP_MEUR,B1GQ,SI,2022,58988.5,
ESTAT:NAMA_10_GDP(1.0),01/09/23 11:00:00,A,CP_MEUR,B1GQ,SK,2001,23909.8,
ESTAT:NAMA_10_GDP(1.0),01/09/23 11:00:00,A,CP_MEUR,B1GQ,SK,2002,26340.7,
ESTAT:NAMA_10_GDP(1.0),01/09/23 11:00:00,A,CP_MEUR,B1GQ,SK,2003,30119.1,
ESTAT:NAMA_10_GDP(1.0),01/09/23 11:00:00,A,CP_MEUR,B1GQ,SK,2004,34757.7,
ESTAT:NAMA_10_GDP(1.0),01/09/23 11:00:00,A,CP_MEUR,B1GQ,SK,2005,39403.4,
ESTAT:NAMA_10_GDP(1.0),01/09/23 11:00:00,A,CP_MEUR,B1GQ,SK,2006,45602.0,
ESTAT:NAMA_10_GDP(1.0),01/09/23 11:00:00,A,CP_MEUR,B1GQ,SK,2007,56339.3,
ESTAT:NAMA_10_GDP(1.0),01/09/23 11:00:00,A,CP_MEUR,B1GQ,SK,2008,66098.1,
ESTAT:NAMA_10_GDP(1.0),01/09/23 11:00:00,A,CP_MEUR,B1GQ,SK,2009,64095.5,
ESTAT:NAMA_10_GDP(1.0),01/09/23 11:00:00,A,CP_MEUR,B1GQ,SK,2010,68764.9,
ESTAT:NAMA_10_GDP(1.0),01/09/23 11:00:00,A,CP_MEUR,B1GQ,SK,2011,71785.8,
ESTAT:NAMA_10_GDP(1.0),01/09/23 11:00:00,A,CP_MEUR,B1GQ,SK,2012,73649.3,
ESTAT:NAMA_10_GDP(1.0),01/09/23 11:00:00,A,CP_MEUR,B1GQ,SK,2013,74492.8,
ESTAT:NAMA_10_GDP(1.0),01/09/23 11:00:00,A,CP_MEUR,B1GQ,SK,2014,76354.5,
ESTAT:NAMA_10_GDP(1.0),01/09/23 11:00:00,A,CP_MEUR,B1GQ,SK,2015,80126.0,
ESTAT:NAMA_10_GDP(1.0),01/09/23 11:00:00,A,CP_MEUR,B1GQ,SK,2016,81265.2,
ESTAT:NAMA_10_GDP(1.0),01/09/23 11:00:00,A,CP_MEUR,B1GQ,SK,2017,84669.9,
ESTAT:NAMA_10_GDP(1.0),01/09/23 11:00:00,A,CP_MEUR,B1GQ,SK,2018,89874.7,
ESTAT:NAMA_10_GDP(1.0),01/09/23 11:00:00,A,CP_MEUR,B1GQ,SK,2019,94428.3,
ESTAT:NAMA_10_GDP(1.0),01/09/23 11:00:00,A,CP_MEUR,B1GQ,SK,2020,93441.9,
ESTAT:NAMA_10_GDP(1.0),01/09/23 11:00:00,A,CP_MEUR,B1GQ,SK,2021,100323.5,
ESTAT:NAMA_10_GDP(1.0),01/09/23 11:00:00,A,CP_MEUR,B1GQ,SK,2022,109651.9,
ESTAT:NAMA_10_GDP(1.0),01/09/23 11:00:00,A,CP_MEUR,B1GQ,UK,2001,1830567.5,
ESTAT:NAMA_10_GDP(1.0),01/09/23 11:00:00,A,CP_MEUR,B1GQ,UK,2002,1888699.6,
ESTAT:NAMA_10_GDP(1.0),01/09/23 11:00:00,A,CP_MEUR,B1GQ,UK,2003,1815326.8,
ESTAT:NAMA_10_GDP(1.0),01/09/23 11:00:00,A,CP_MEUR,B1GQ,UK,2004,1941265.1,
ESTAT:NAMA_10_GDP(1.0),01/09/23 11:00:00,A,CP_MEUR,B1GQ,UK,2005,2037200.9,
ESTAT:NAMA_10_GDP(1.0),01/09/23 11:00:00,A,CP_MEUR,B1GQ,UK,2006,2157333.5,
ESTAT:NAMA_10_GDP(1.0),01/09/23 11:00:00,A,CP_MEUR,B1GQ,UK,2007,2259235.2,
ESTAT:NAMA_10_GDP(1.0),01/09/23 11:00:00,A,CP_MEUR,B1GQ,UK,2008,1995854.5,
ESTAT:NAMA_10_GDP(1.0),01/09/23 11:00:00,A,CP_MEUR,B1GQ,UK,2009,1738066.5,
ESTAT:NAMA_10_GDP(1.0),01/09/23 11:00:00,A,CP_MEUR,B1GQ,UK,2010,1872175.5,
ESTAT:NAMA_10_GDP(1.0),01/09/23 11:00:00,A,CP_MEUR,B1GQ,UK,2011,1912869.3,
ESTAT:NAMA_10_GDP(1.0),01/09/23 11:00:00,A,CP_MEUR,B1GQ,UK,2012,2111028.9,
ESTAT:NAMA_10_GDP(1.0),01/09/23 11:00:00,A,CP_MEUR,B1GQ,UK,2013,2096338.0,
ESTAT:NAMA_10_GDP(1.0),01/09/23 11:00:00,A,CP_MEUR,B1GQ,UK,2014,2311080.2,
ESTAT:NAMA_10_GDP(1.0),01/09/23 11:00:00,A,CP_MEUR,B1GQ,UK,2015,2644716.5,
ESTAT:NAMA_10_GDP(1.0),01/09/23 11:00:00,A,CP_MEUR,B1GQ,UK,2016,2434119.2,
ESTAT:NAMA_10_GDP(1.0),01/09/23 11:00:00,A,CP_MEUR,B1GQ,UK,2017,2359789.9,
ESTAT:NAMA_10_GDP(1.0),01/09/23 11:00:00,A,CP_MEUR,B1GQ,UK,2018,2420897.2,
ESTAT:NAMA_10_GDP(1.0),01/09/23 11:00:00,A,CP_MEUR,B1GQ,UK,2019,2526615.2,
